YEAR,STATE,MEDIAN_INCOME,MEAN_INCOME,POP,ONE_RACE_POP,WHITE,BLACK,ASIAN,FOREIGN_BORN_NON_US,POVERTY_PERCENT,UNEMPLOYMENT_RATE,SCHOOL_ENROLLMENT,18_24_BACHELOR_HIGHER,25_34_BACHELOR_HIGHER,35_44_BACHELOR_HIGHER,45_64_BACHELOR_HIGHER,65_MORE_BACHELOR_HIGHER,STATE_ABBR,WHITE_PER_CAPITA,BLACK_PER_CAPITA,ASIAN_PER_CAPITA,ONE_RACE_RATIO,FOREIGN_BORN_NON_US_RATIO,SCHOOL_ENROLLMENT_RATE,BACHELOR_HIGHER_RATIO,ALL_HATE_CRIME,BLACK_HATE_CRIME,ASIAN_HATE_CRIME,ALL_HC_PER_CAPITA,BLACK_HC_PER_CAPITA_POP,BLACK_HC_PER_CAPITA_RACE_POP,ASIAN_HC_PER_CAPITA_POP,ASIAN_HC_PER_CAPITA_RACE_POP
2016,Alabama,44758,62061,4841164,4755752,3325037,1282053,60744,106663.0,18.4,8.3,1193757,34870,162233,164639,307251,148953,AL,68.6825936902778,26.48232945630431,1.2547395626341102,98.23571355979678,2.2032511189457744,24.658470566169623,16.895647410416174,14.0,8.0,0.0,0.28918665015273187,0.16524951437298965,0.6239991638411205,0.0,0.0
2017,Alabama,46472,64476,4850771,4761937,3317702,1287167,62815,106217.0,18.0,7.4,1188682,34144,163183,166115,315820,158460,AL,68.3953540581487,26.53530747998617,1.2949487823688235,98.16866226008194,2.189693143626034,24.50501167752508,17.269873180985044,14.0,2.0,3.0,1.8999667505818647,0.271423821511695,8.182301681462995,0.40713573226754246,6.784567370753992
2018,Alabama,48486,67243,4864680,4773061,3317453,1293186,64609,105024.0,17.5,6.6,1182234,34045,167325,169324,318617,167329,AL,68.19468084231646,26.583166827006092,1.3281243576144783,98.11664898821711,2.1589087051974643,24.30240015787267,17.609380267561278,0.0,0.0,0.0,0.0,0.0,0.0,0.0,0.0
2019,Alabama,50536,69842,4876250,4784030,3320247,1299048,66270,105311.0,16.7,5.9,1175774,34600,170334,172600,324869,177969,AL,68.09017175083312,26.64030761343245,1.3590361445783132,98.10879261727762,2.159671879005383,24.112258395283263,18.054283517046912,1.0,0.0,0.0,0.03368736508210285,0.0,0.0,0.0,0.0
2020,Alabama,52035,71964,4893186,4773864,3302834,1301319,67909,101125.0,16.0,5.6,1168551,36328,176282,177156,332235,191371,AL,67.49863994542615,26.59451326804254,1.3878278896408187,97.56146608773916,2.066649418190929,23.881189065774326,18.666202347509373,26.0,15.0,1.0,0.06726305540980457,0.03880560889027186,0.6631783485532764,0.0025870405926847907,0.018675503416870107
2016,Alaska,74444,92191,736855,674515,483518,24443,44218,24109.0,10.1,7.8,192109,5011,30827,28230,56112,20356,AK,65.61915166484586,3.3172062346051803,6.000909269802064,91.53971948348047,3.2718784564127272,26.071479463395104,19.072409089983783,11.0,2.0,0.0,0.20525087721426047,0.03731834131168372,0.9117889755594966,0.0,0.0
2017,Alaska,76114,94469,738565,675852,481971,23702,45604,24207.0,10.2,7.7,189481,4989,31238,28790,55171,22622,AK,65.25776336544516,3.2091962115724413,6.174676568751566,91.50880423523996,3.2775720484994553,25.65529100350003,19.336145092171982,4.0,2.0,1.0,0.11146501252588079,0.05573250626294039,0.5366303904522721,0.027866253131470196,0.6545273657891636
2018,Alaska,76715,96499,738516,676055,478834,24129,46556,24617.0,10.8,7.4,187142,5079,31013,29121,55226,24285,AK,64.83732241413863,3.2672277919503436,6.3039934138190645,91.54236333403745,3.3333062519972487,25.340276987905476,19.59659641768086,5.0,2.0,1.0,0.5349338554287763,0.21397354217151052,0.9850906529673394,0.10698677108575526,2.9046125246892065
2019,Alaska,77640,98606,737068,676403,476015,24205,45920,24613.0,10.7,7.2,183894,4600,31411,29976,55209,25423,AK,64.58223664573688,3.283957518166573,6.230090032398639,91.76941611900124,3.3393119766425894,24.949394085755998,19.892194478664113,11.0,3.0,0.0,1.6691729551493226,0.4552289877679971,0.9416254967074494,0.0,0.0
2020,Alaska,77790,98811,736990,668158,466961,23894,47289,23787.0,10.3,7.2,180787,4299,30216,31537,55357,27857,AK,63.36056120164453,3.2421064057856963,6.416504972930433,90.66038887908927,3.2275878912875346,24.530454958683293,20.253463411986594,10.0,3.0,0.0,0.05016441134997899,0.015049323404993696,0.09325475894577359,0.0,0.0
2016,Arizona,51340,70432,6728577,6505998,5235158,287110,205229,536203.0,17.7,8.0,1750958,49428,238257,247374,460079,295715,AZ,77.80483154164692,4.2670240676446145,3.0501100009704873,96.69203458621341,7.969040110561268,26.022708813468288,19.18463591930359,215.0,83.0,11.0,2.1288562002194205,0.8218375098521484,2.63648243689754,0.10891822419727269,2.9413101665048944
2017,Arizona,53510,73735,6809946,6572038,5277661,292831,213417,536708.0,17.0,7.1,1751835,50643,251123,251804,469818,311912,AZ,77.49930763033952,4.300048781590926,3.1339015023026615,96.50646275315545,7.881237237417155,25.724653323242208,19.608084998030822,233.0,76.0,20.0,16.48188796136023,5.376066459499474,293.76521974411503,1.41475433144723,3.721878878895644
2018,Arizona,56213,77221,6946685,6693802,5364141,305259,228887,538326.0,16.1,6.5,1764220,52374,263478,259548,482104,332941,AZ,77.21871655329124,4.394311819234642,3.2949097303246075,96.35965931951715,7.74939413547613,25.396574049348718,20.01595005387462,159.0,48.0,13.0,9.721898668466746,2.934912805574867,460.0785967602799,0.7948722181765265,60.10171058714748
2019,Arizona,58945,80779,7050299,6787262,5444453,317462,233213,530908.0,15.1,5.9,1765901,57034,273553,269445,495960,355568,AZ,77.22300855609102,4.502816121699236,3.3078455254167234,96.26913695433342,7.5302905593081935,25.04717885014522,20.58863035454241,195.0,81.0,8.0,1.5173108831496325,0.6302675976160012,4.407894593635653,0.06224865161639518,1.219885971158846
2020,Arizona,61529,84380,7174064,6674467,5292498,325105,239190,518823.0,14.1,5.8,1760360,62697,288209,287406,510902,382181,AZ,73.77266218979925,4.531671309316449,3.3340934789541885,93.03606714409015,7.231926004563103,24.537835179613676,21.346269004569795,276.0,108.0,9.0,4.188432096865688,1.6389516900778778,17.75655759536751,0.13657930750648978,6.910743903188157
2016,Arkansas,42336,58850,2968472,2902393,2307136,460638,41539,94459.0,18.8,6.9,745905,21085,91457,91478,158741,82770,AR,77.72133272606243,15.51768047668969,1.3993394581454701,97.77397260273972,3.182074818290353,25.127574051565922,15.008765452394362,12.0,7.0,0.0,0.38627575131438374,0.22532752160005717,6.792687187051198,0.0,0.0
2017,Arkansas,43813,61330,2977944,2906122,2302141,459969,42368,96397.0,18.1,6.3,741993,21915,95778,92932,160419,88299,AR,77.30638991196611,15.445857947630984,1.422726552279022,97.58820179291484,3.237031992542506,24.91628452381912,15.424836732994308,24.0,6.0,1.0,0.8280739138775527,0.20701847846938817,3.577689528102751,0.03450307974489803,1.2885767669608919
2018,Arkansas,45726,64272,2990671,2914819,2302874,460970,43988,96818.0,17.6,5.5,737199,22634,98455,94527,163828,94811,AR,77.00191696111006,15.413597818014754,1.4708404903113714,97.46371299283673,3.237333695347967,24.64995313760691,15.857812510971616,22.0,8.0,0.0,0.4986413157421743,0.18132411481533614,2.2841349695353497,0.0,0.0
2019,Arkansas,47597,66557,2999370,2918833,2301044,459542,45504,96291.0,17.0,5.1,733114,23102,101064,97972,164437,99763,AR,76.71757735791182,15.321284136335297,1.5171185949049302,97.31486945591908,3.210374178577501,24.442266209237275,16.214671747733693,14.0,7.0,0.0,0.30135588623384785,0.15067794311692392,0.46847780184861343,0.0,0.0
2020,Arkansas,49475,69357,3011873,2891893,2269959,457840,46130,98118.0,16.1,5.2,725947,24597,104782,103690,168181,106042,AR,75.36702244749364,15.201172160977572,1.531605084278122,96.01643229976828,3.2577070812746753,24.10284231772057,16.84307406055966,50.0,26.0,0.0,3.759616158228709,1.9550004022789287,159.4798503342943,0.0,0.0
2016,California,63783,91149,38654206,36867047,23680584,2261835,5354608,5298355.0,15.8,8.7,10551711,377702,1916280,1766149,3024682,1469376,CA,61.262632066481984,5.851458958955204,13.852588253914721,95.37654712141804,13.707059459454426,27.297704679278628,22.130034180497717,928.0,318.0,63.0,15.570725827370987,5.335658203775834,18.007549580220235,1.0570643611254011,17.39087227646518
2017,California,67169,96104,38982847,37148133,23607242,2263222,5503672,5250604.0,15.1,7.7,10518223,384834,2009177,1815110,3074723,1554721,CA,60.55802440493893,5.805686793476116,14.118188956286337,95.29353512841173,13.469011126868184,26.98166965588737,22.672959212034975,1093.0,458.0,43.0,16.211462735216386,6.793092344674386,93.6159253361895,0.6377794122729228,10.44358520994035
2018,California,71228,101493,39148760,37266533,23529068,2267875,5604339,5184310.0,14.3,6.7,10468812,398121,2093454,1864574,3119659,1641050,CA,60.101694153275865,5.792967644441357,14.315495561034371,95.19211591886946,13.242590569918434,26.74110750889683,23.287731207833914,1063.0,454.0,49.0,10.726971825300717,4.581416000645839,32.9834951752557,0.4944700088802777,17.70429491742211
2019,California,75235,106916,39283497,37360833,23453222,2274108,5692423,5096124.0,13.4,6.1,10423307,406471,2177289,1920683,3156874,1725880,CA,59.7024801534344,5.788965274654647,14.490621850697252,95.10566994582993,12.972684178295024,26.533551735478135,23.896031964771364,1013.0,451.0,34.0,18.584196131698658,8.273911604537114,145.08465416129167,0.6237538681912679,13.77527661970918
2020,California,78672,111622,39346023,36224007,22053721,2250962,5834312,4930125.0,12.6,6.2,10331447,426968,2266953,1986845,3193968,1809107,CA,56.050699202813966,5.7209390641590385,14.828212752277404,92.06523109082715,12.530173634067157,26.257919383618518,24.611994457483036,1336.0,591.0,43.0,44.69435218614261,19.77122914821129,52.70541064292574,1.4385158263503983,150.5496813948603
2016,Colorado,62520,84384,5359295,5175560,4517058,219349,157523,317762.0,12.2,6.0,1394890,58276,309473,306991,536107,237159,CO,84.28455608433572,4.092870424188256,2.9392485392201775,96.5716572795489,5.929175385941621,26.027490556127255,27.01859106468295,100.0,39.0,2.0,1.6502600562309613,0.6436014219300749,5.5563787227737444,0.03300520112461922,1.8526581012107122
2017,Colorado,65458,88388,5436519,5247610,4576201,221155,164771,320192.0,11.5,5.2,1390638,59652,326654,317556,547357,254906,CO,84.17520475878038,4.0679523055101985,3.030818065751265,96.52518458962436,5.889651080038532,25.57956663077973,27.70384873114579,77.0,23.0,4.0,7.524005976210462,2.2474303565303977,539.906103286385,0.39085745330963434,53.468787595241274
2018,Colorado,68811,92520,5531141,5333813,4655584,227938,172695,318943.0,10.9,4.7,1396806,63500,345567,327315,557686,274324,CO,84.17040896263538,4.120994203546791,3.122231018880191,96.43241783205309,5.766314762180172,25.25348748115443,28.355668387408674,96.0,33.0,2.0,5.102965620363809,1.7541444320000597,37.335384893877,0.10631178375757935,5.025883298989798
2019,Colorado,72331,96970,5610349,5404625,4712574,233647,178147,311492.0,10.3,4.3,1395735,65968,365783,337146,568467,293738,CO,83.99787606795941,4.164571580128081,3.1753283084528254,96.33313364284469,5.55209666992196,24.87786410435429,29.07309331380276,229.0,84.0,8.0,8.065731840128036,2.9586090592609393,34.48955459203784,0.2817722913581847,3.5936966560652617
2020,Colorado,75231,100933,5684926,5347697,4634305,235692,181733,297054.0,9.8,4.6,1388732,69126,378703,348097,581216,314837,CO,81.51917896556613,4.145911485919078,3.196752253239532,94.0680142538355,5.225292290524098,24.428321494422267,29.762550998904825,280.0,109.0,10.0,21.092231053338487,8.210904231478196,623.462792426929,0.7532939661906602,31.158471988533684
2016,Connecticut,71755,102616,3588570,3481582,2768080,372696,152782,254629.0,10.4,8.0,932279,49505,183834,188916,398099,167470,CT,77.13601796816002,10.385641077086415,4.25746188593228,97.01864530997027,7.0955561686131245,25.979122603153904,27.526953633341417,108.0,23.0,13.0,1.2113794291621203,0.25797895250674785,1.905202112951978,0.14581419054729225,1.586898565443697
2017,Connecticut,73781,105998,3594478,3483824,2757064,376240,156450,254388.0,10.1,7.2,919823,52301,187454,187564,399623,178558,CT,76.7027646295234,10.46716658162882,4.352509599446707,96.92155578640347,7.077188954835723,25.589890938266972,27.97346374077126,109.0,44.0,1.0,5.233668912342767,2.1126736893860714,104.86927092022785,0.04801531112241072,3.428414701042238
2018,Connecticut,76106,109693,3581504,3468074,2734880,378262,158817,250818.0,10.0,6.5,906545,54555,190133,188343,398377,188374,CT,76.36121584675041,10.561540626507746,4.434366121048587,96.83289478386735,7.003147281142224,25.311852227444113,28.473568646021334,92.0,34.0,5.0,0.4670653678797217,0.1726111142164189,1.1063105908414403,0.025383987384767485,0.3126532000680334
2019,Connecticut,78444,113031,3575074,3456074,2714031,383416,161257,248326.0,9.9,6.0,898354,55686,193210,188520,396023,197712,CT,75.91537965367989,10.724701083110448,4.51059194858624,96.67139757107125,6.946038040051758,25.128263079309686,28.842787589851287,80.0,26.0,2.0,0.8047619373356022,0.26154762963407074,1.2165842898727313,0.020119048433390053,0.7857002553525829
2020,Connecticut,79855,115337,3570549,3397902,2649994,382161,163262,241531.0,9.8,6.0,888200,58367,196365,195268,395887,208480,CT,74.21811043623823,10.703143970297004,4.572462105967458,95.1646931606316,6.76453396942599,24.87572639389629,29.529548537213746,97.0,29.0,7.0,13.176447575397807,3.9393503060467667,196.46365422396855,0.950877660080254,75.30120481927712
2016,Delaware,61017,80432,934695,908864,647002,203027,34428,43979.0,12.0,7.1,232558,9353,41065,38512,76156,39588,DE,69.22065486602582,21.72120317322763,3.6833405549403815,97.23642471608386,4.70517120558043,24.880629510161068,21.89741038520587,15.0,7.0,0.0,0.1294560833614325,0.06041283890200183,0.4922841492239844,0.0,0.0
2017,Delaware,63036,84146,943732,917472,652170,206290,36553,45639.0,12.1,6.4,232461,9086,41824,38933,78503,42509,DE,69.10542399749082,21.858959958971404,3.873239436619718,97.21743037218194,4.836012766336205,24.632098943344086,22.342677794119517,29.0,3.0,2.0,0.7482733592235916,0.07740758888519912,1.0664960273022983,0.05160505925679942,2.579280638629886
2018,Delaware,65627,86962,949495,923486,654905,209892,36723,45905.0,11.9,5.9,230566,8154,42110,38401,80117,46604,DE,68.97403356521097,22.105645632678424,3.867634900657718,97.2607544010237,4.834675274751315,24.28301360196736,22.684269006155905,21.0,7.0,2.0,0.527337820392254,0.17577927346408465,9.457925741771604,0.050222649561167045,1.2487902344603665
2019,Delaware,68287,90092,957248,930169,658237,212302,37009,47674.0,11.8,5.5,228567,8231,42390,39284,82079,50385,DE,68.76347613157718,22.178369659691114,3.8661872367453367,97.17116149628936,4.98031857992913,23.877511365915623,23.23003025339306,22.0,6.0,0.0,0.17209042225279347,0.04693375152348913,0.4253620717401492,0.0,0.0
2020,Delaware,69110,92308,967679,930112,652587,212795,38528,44205.0,11.4,5.8,225882,8138,43887,39884,83035,55237,DE,67.43837574236912,21.990246765714662,3.98148559594659,96.11782419583353,4.568147081831889,23.342658050861907,23.786916942498493,13.0,9.0,0.0,1.2328222810815834,0.8534923484410963,13.065064018813692,0.0,0.0
2016,Florida,48900,69936,19934451,19439083,15130748,3216994,521272,1832945.0,16.1,8.4,4682150,148085,715813,739405,1484377,990201,FL,75.90250667048718,16.137861032641432,2.6149303033226245,97.51501558783836,9.194860696188725,23.487729860230413,20.456449992026368,110.0,47.0,9.0,17.564898307222844,7.505002003995216,634.7920043219881,1.437128043318233,97.69865392965697
2017,Florida,50883,72993,20278447,19763624,15343997,3270863,543394,1871063.0,15.5,7.2,4707573,154508,749399,766303,1525467,1054689,FL,75.66652909860406,16.1297509616984,2.6796627966628805,97.46123063565962,9.226855488489823,23.214662345691462,20.960017303100184,145.0,50.0,6.0,1.7448224799559007,0.6016629241227244,3.132141282123241,0.07219955089472692,1.1931323303067543
2018,Florida,53267,76652,20598139,20055799,15529098,3316376,559168,1897939.0,14.8,6.3,4737877,160380,792325,796106,1568556,1126470,FL,75.3907816623628,16.10036712539905,2.7146530082159366,97.3670436926365,9.214128519086117,23.00148086193612,21.573973260399885,141.0,65.0,3.0,1.9934552460814468,0.9189687304630783,25.29281294992023,0.042413941405988226,0.543446756709756
2019,Florida,55660,80286,20901636,20329615,15702256,3359031,571276,1908023.0,14.0,5.6,4758186,168910,826066,830309,1618608,1196718,FL,75.12453092188574,16.07066068895277,2.733164045149384,97.26327164055483,9.128582088024114,22.76465823058061,22.202142454303576,111.0,24.0,0.0,6.012701425497754,1.3000435514589739,37.91169733828292,0.0,0.0
2020,Florida,57703,83104,21216924,19939907,15199588,3381061,590668,1889101.0,13.3,5.4,4774888,179461,861773,864860,1669520,1263793,FL,71.63898027819678,15.935679460415658,2.7839473808738724,93.98113977313582,8.903745896436261,22.505090747367525,22.80918289569214,109.0,27.0,0.0,1.894071694610306,0.4691737225181492,7.464130705222128,0.0,0.0
2016,Georgia,51037,71420,10099320,9876863,6039389,3148134,373983,591724.0,17.8,8.5,2766817,84277,419391,457606,767746,293347,GA,59.79995682877659,31.17174225591426,3.703051294542603,97.79730714543157,5.859047935900635,27.396072210802313,20.02478384683325,39.0,12.0,4.0,6.689204139073699,2.058216658176523,186.4801864801865,0.6860722193921743,74.28040854224697
2017,Georgia,52977,74763,10201635,9964394,6061821,3195268,388946,596894.0,16.9,7.5,2756619,87541,433498,463280,789413,317340,GA,59.420092955687984,31.32113626884318,3.8125849434919012,97.67448061021591,5.850964085658818,27.021345107916527,20.49742026645729,26.0,8.0,0.0,0.7366722530979193,0.22666838556859054,2.499320497239813,0.0,0.0
2018,Georgia,55679,78574,10297484,10045036,6079976,3239300,402501,591482.0,16.0,6.4,2755788,91307,450016,471616,818279,340205,GA,59.043315823554565,31.457198671054016,3.908731492080978,97.54844969897502,5.743946773794454,26.761760445561265,21.08692764174239,37.0,19.0,3.0,0.7627653418394725,0.39169031067432375,1.4761099375605498,0.0618458385275248,4.77592931624612
2019,Georgia,58700,82406,10403847,10137935,6098889,3289020,414481,594599.0,15.1,5.7,2749494,95103,469041,480173,844978,363424,GA,58.62147915093331,31.613498353061132,3.9839205632301207,97.44409928365921,5.715184008376902,26.427666612167595,21.652750179813292,146.0,25.0,0.0,19.768063745235693,3.3849424221294,105.47633111129863,0.0,0.0
2020,Georgia,61224,85691,10516579,10123410,6020265,3319844,434603,582832.0,14.3,5.6,2743653,101486,493697,494899,873289,390777,GA,57.24546927285004,31.56771798129411,4.132551089094657,96.26143634731409,5.542030350363935,26.08883554243257,22.385112116782462,252.0,69.0,0.0,3.7004698715672633,1.0132238934053222,23.56307904559285,0.0,0.0
2016,Hawaii,71977,91169,1413673,1077044,353643,25871,537363,109721.0,10.8,5.5,333842,11365,62300,61274,118642,62985,HI,25.015898301799638,1.8300554654435646,38.011831590473896,76.18763320796252,7.761413000036075,23.615220775950306,22.393155984446192,0.0,0.0,0.0,0.0,0.0,0.0,0.0,0.0
2017,Hawaii,74923,95569,1421658,1083160,357308,25884,540556,108079.0,10.3,4.9,330239,11059,63832,63756,118878,68884,HI,25.13318955754478,1.8206910522783961,38.0229281585304,76.18991346723332,7.60232067065356,23.229145124917526,22.95974137239758,0.0,0.0,0.0,0.0,0.0,0.0,0.0,0.0
2018,Hawaii,78084,99765,1422029,1080273,355612,26266,536842,109216.0,9.9,4.5,327620,10899,63529,65477,118226,73764,HI,25.007366235147106,1.8470790680077551,37.7518320653095,75.96701614383392,7.680293439866556,23.03891130209018,23.339538082556686,44.0,20.0,5.0,0.8093414186541057,0.3678824630245935,9.043431077750899,0.09197061575614837,3.0345145687044446
2019,Hawaii,81275,103780,1422094,1082367,354847,26025,537355,108827.0,9.4,4.3,325063,10986,64678,66812,117707,78269,HI,24.952429304954524,1.8300478027472165,37.786180097799445,76.11079155105077,7.652588366169888,22.858052983839325,23.79955192835354,40.0,5.0,0.0,1.1128180503539038,0.13910225629423797,1.3289389751222622,0.0,0.0
2020,Hawaii,83173,107348,1420074,1075156,342923,26717,534519,107122.0,9.3,4.6,318529,10898,64850,69630,116998,83011,HI,24.148248612396255,1.881380829449733,37.640221565918395,75.71126575093973,7.54340970963485,22.43045080749313,24.321760696977762,36.0,14.0,0.0,3.8146422925152477,1.4834720026448187,6.786562606040041,0.0,0.0
2016,Idaho,49174,64513,1635483,1593433,1493155,10433,21630,61286.0,15.2,6.2,445695,9825,54254,60560,103653,56517,ID,91.29749437933626,0.637915527095054,1.3225450830121743,97.42889409428285,3.7472722125512767,27.25158256001438,17.414366275895254,27.0,8.0,3.0,4.015520731241197,1.1897839203677623,2.491730569173555,0.4461689701379108,11.738007668831676
2017,Idaho,50985,67338,1657375,1613461,1507880,11231,22720,60680.0,14.5,5.4,445420,10510,55741,63541,105865,59994,ID,90.98001357568444,0.6776378309073082,1.3708424466400182,97.35038841541595,3.6612112527339917,26.875028282675917,17.838509691530284,41.0,16.0,0.0,0.20218510815941673,0.07890150562318703,0.48916753774156846,0.0,0.0
2018,Idaho,53089,70620,1687809,1641217,1527262,11536,23758,61275.0,13.8,4.7,449479,10220,57089,65617,106655,63908,ID,90.48784548488604,0.683489660263691,1.4076237299362666,97.239498071168,3.630446336048688,26.63091617594171,17.981240768357083,23.0,7.0,1.0,0.22545405711927546,0.06861645216673601,0.21907395561186105,0.009802350309533718,0.25710509942254195
2019,Idaho,55785,73810,1717750,1667181,1545409,11918,24287,60945.0,13.1,4.3,451807,11116,59841,67892,110424,69380,ID,89.96704991995342,0.6938145830301266,1.4138844418570804,97.05609081647503,3.5479551739193713,26.302255857953718,18.550603987774707,21.0,11.0,0.0,1.4771485125114479,0.7737444589345679,42.49729562664194,0.0,0.0
2020,Idaho,58915,77399,1754367,1679271,1550979,11536,24501,58823.0,11.9,4.2,456826,12811,63022,73876,114392,77057,ID,88.4067586770613,0.6575591082139598,1.396572096944368,95.71948172759748,3.352947245359722,26.039363485519278,19.44621621359727,48.0,11.0,0.0,2.8961460140282074,0.6637001282147975,97.94319294809011,0.0,0.0
2016,Illinois,59196,81865,12851684,12551462,9270907,1837612,655799,923516.0,14.0,8.2,3384628,159240,713464,627162,1071268,422975,IL,72.13768250137493,14.298608649263397,5.102825435172543,97.66394816430282,7.185953218270851,26.336066152887046,23.297406005314166,111.0,62.0,7.0,0.8635090862160145,0.48232039049903513,3.3815089274562706,0.054455527959568484,1.0419597178373086
2017,Illinois,61229,85262,12854526,12543129,9236701,1833501,671811,913882.0,13.5,7.4,3333318,160396,724287,631513,1083206,459578,IL,71.85563279423917,14.263466424199539,5.226260384863666,97.57753027999632,7.109418114678053,25.93108450673327,23.796910131108685,85.0,25.0,3.0,1.285071490794806,0.377962203174943,4.07790428343066,0.04535546438099316,2.1789657176060433
2018,Illinois,63575,88857,12821497,12503084,9189185,1824125,690822,898381.0,13.1,6.6,3281552,163338,737351,641424,1091954,487062,IL,71.67014116994295,14.227082843758415,5.387997984946687,97.5165692430455,7.006833913387806,25.594140840184266,24.34293749006064,110.0,36.0,4.0,3.5277870961245013,1.1545485041862005,33.71986287255765,0.12828316713180005,5.619713956559611
2019,Illinois,65886,92395,12770631,12442185,9134903,1813590,698524,885687.0,12.5,5.9,3228360,164576,741538,653267,1102437,512783,IL,71.53055318879701,14.201255991187905,5.469768878295834,97.4281145544022,6.935342505785344,25.279565277549715,24.85860722152257,66.0,22.0,0.0,2.2728681529846892,0.757622717661563,13.058704813913456,0.0,0.0
2020,Illinois,68428,95115,12716164,12176612,8874067,1796660,709567,849567.0,12.0,6.0,3166891,169308,754461,670731,1114169,545913,IL,69.78572311587048,14.128946433845929,5.580039703797466,95.75695941008625,6.681000653970805,24.904452317538528,25.594054936693173,61.0,23.0,0.0,1.378725497109649,0.5198473185823267,6.513956860612652,0.0,0.0
2016,Indiana,50433,66480,6589578,6443262,5534759,608226,130232,203764.0,15.0,6.9,1717877,61134,247305,234101,412763,173893,IN,83.99261682614578,9.23012065416025,1.9763329305761308,97.77958467143117,3.092216223861376,26.06960567125846,17.136089746566473,79.0,32.0,7.0,1.6940208141549806,0.6861856462399921,2.132412131292615,0.15010311011499827,8.644109656705359
2017,Indiana,52182,69197,6614418,6460980,5546787,613060,137680,206958.0,14.6,6.1,1697392,63476,255136,239441,423521,188210,IN,83.8590334024853,9.268540331137222,2.081513445325046,97.68024941876973,3.1288920657871944,25.662000798860912,17.6853655151519,97.0,33.0,3.0,7.292366771466247,2.480908283076146,195.19697148941205,0.225537116643286,20.264793299108348
2018,Indiana,54325,71912,6637426,6475131,5548277,619472,144991,207242.0,14.1,5.4,1680206,65499,262779,246357,429061,201711,IN,83.5907925753146,9.333015539457614,2.1844461994755195,97.55485032902816,3.122324828932179,25.31412026288504,18.160759909037026,96.0,30.0,2.0,1.601046283746428,0.5003269636707588,1.6832598683915219,0.03335513091138392,0.5360996073070377
2019,Indiana,56303,75025,6665703,6495992,5553391,626587,151979,210480.0,13.4,4.8,1668419,67939,269165,252887,436936,213168,IN,83.31290788083417,9.400163793676377,2.2800145761069763,97.45396697092565,3.1576564392382918,25.02990307248913,18.604114224711182,87.0,30.0,0.0,1.2814245434630485,0.44187053222863737,6.002713226378323,0.0,0.0
2020,Indiana,58235,76984,6696893,6474302,5510354,631923,158705,212224.0,12.9,4.7,1654841,70223,275016,262544,446152,229082,IN,82.2822464088944,9.436062365040026,2.3698303078756076,96.67620492069979,3.1689919489530443,24.71057847273355,19.15839180945552,184.0,90.0,5.0,1.8537981906929657,0.9067491150128637,6.5477641204352075,0.050374950834047985,1.7296130509682375
2016,Iowa,54570,70708,3106589,3045295,2823890,103052,66570,94491.0,12.3,4.5,810892,33203,131847,122454,208561,96569,IA,90.90001928159792,3.3172073937041557,2.1428647304165436,98.02696784157801,3.041631834787286,26.102326377901935,19.076678633704038,17.0,5.0,4.0,0.3096129728564128,0.09106263907541552,1.5292717913583909,0.07285011126033242,1.5628968292730576
2017,Iowa,56570,73510,3118102,3055368,2824197,106762,71178,97268.0,12.0,4.1,807407,34342,133953,125366,210744,102362,IA,90.57423394103208,3.423941872331309,2.2827348175268156,97.98807094828842,3.1194617751439817,25.89418178109632,19.459498117765232,10.0,4.0,0.0,0.33487150980168906,0.13394860392067565,0.3563233135217571,0.0,0.0
2018,Iowa,58580,75951,3132499,3066729,2827889,109911,75083,100396.0,11.7,3.9,802285,35615,136597,129868,211272,109280,IA,90.27581493242296,3.5087321655968604,2.396904196936695,97.90039837203459,3.2049810710234863,25.61166021122433,19.87652669641714,15.0,5.0,2.0,0.24690138758579822,0.08230046252859942,0.7111758439168152,0.03292018501143976,1.7705539177931815
2019,Iowa,60523,78411,3139508,3072923,2826070,116359,75741,99826.0,11.5,3.7,797393,35516,137604,132660,211735,115832,IA,90.01633376949509,3.7062813663797005,2.4125117693600395,97.87912628348137,3.179670190361038,25.398661191498796,20.173447559299102,9.0,4.0,0.0,0.8739034938661685,0.38840155282940825,90.13068949977468,0.0,0.0
2020,Iowa,61836,80316,3150011,3057032,2806418,117035,79296,100493.0,11.1,3.9,785736,37169,141732,138391,213098,123894,IA,89.09232380458354,3.71538385104052,2.5173245426762003,97.0482960218234,3.1902428277234587,24.943912894272433,20.77084810180028,21.0,6.0,0.0,1.1088107687701863,0.3168030767914818,6.687621213134488,0.0,0.0
2016,Kansas,53571,71975,2898292,2802262,2468923,167706,77605,126903.0,13.3,5.3,789812,29064,132354,123257,233051,105139,KS,85.18544715301289,5.786373491697868,2.6776115036028116,96.68666925209745,4.378544328866794,27.2509464194774,21.49076076530591,52.0,21.0,6.0,1.8007254845942742,0.7272160610861491,8.299968776307937,0.20777601745318544,2.5806229623831194
2017,Kansas,55477,74633,2903820,2805405,2465518,168470,80738,127777.0,12.8,4.8,783160,30944,133846,127575,235745,113180,KS,84.90602034561371,5.801668147474706,2.7804064990254216,96.61084364733351,4.4003071815746155,26.969991252901348,22.08435784587199,77.0,37.0,1.0,5.781440524744565,2.778094797604531,198.58308286818377,0.07508364317850086,3.0018311169813585
2018,Kansas,57422,77509,2908776,2807732,2460619,169801,83531,126705.0,12.4,4.4,778732,31921,136697,129717,236383,120279,KS,84.59293531024733,5.837541288844517,2.8716889853326624,96.52623646509736,4.355955907226957,26.771810548491874,22.517959444109824,75.0,21.0,2.0,0.8370385308924694,0.23437078864989144,1.739337858924791,0.022321027490465852,0.23693734784179696
2019,Kansas,59597,80009,2910652,2810095,2455935,170291,85794,126024.0,12.0,4.1,772562,32086,139634,131626,236818,126992,KS,84.37748655627674,5.850613539509361,2.947587001125521,96.54520705326503,4.32975154707605,26.542575340507902,22.92118741780192,75.0,35.0,0.0,3.597419067664095,1.678795564909911,82.96394623936284,0.0,0.0
2020,Kansas,61091,82103,2912619,2772574,2416165,165837,87093,119639.0,11.4,4.1,758270,33338,139452,136417,236638,136106,KS,82.95506552693641,5.693741611930705,2.990195422058292,95.19178443867872,4.107608993829952,26.033957754172448,23.41366996507267,124.0,51.0,2.0,0.6263186786211372,0.25759881136837093,1.6447978430572598,0.010101914171308665,0.12100340866602212
2016,Kentucky,44811,61757,4411989,4319152,3859516,350242,57084,97069.0,18.8,7.6,1085773,34137,152341,150734,257798,113292,KY,87.47791528945335,7.938415077644119,1.293838221264831,97.89580164411107,2.2001188126262328,24.609603514423995,16.054029146491526,214.0,80.0,24.0,2.128810122472237,0.7958168682139204,3.7046864746990753,0.2387450604641761,8.91649700554309
2017,Kentucky,46535,64436,4424376,4328073,3862600,353088,59593,99437.0,18.3,6.8,1074127,35211,156290,153412,261035,121831,KY,87.30270664156934,7.980515218417242,1.3469244024468083,97.82335407298113,2.247480774690035,24.277480033342556,16.449302681327264,377.0,58.0,0.0,50.57178309131762,7.780274321741171,334.00518283904404,0.0,0.0
2018,Kentucky,48392,67110,4440204,4340378,3866676,354112,62802,102677.0,17.9,6.1,1066088,36188,160057,156158,263220,130168,KY,87.08329617287855,7.975129070646305,1.4143944737674214,97.7517699637224,2.3124387978570353,24.0098878339824,16.796322871651842,228.0,93.0,1.0,1.9638655627215593,0.8010504268995834,6.5115562619466045,0.008613445450533155,0.4239479731047406
2019,Kentucky,50589,70144,4449052,4348767,3868479,358928,65191,103404.0,17.3,5.6,1054000,37297,163311,159768,268958,139045,KY,86.95063577589114,8.067516405742166,1.4652784458352026,97.74592430027789,2.324180522052788,23.69044012072684,17.270623045089156,136.0,78.0,0.0,3.4905348757048764,2.0019244140072083,27.482110203261914,0.0,0.0
2020,Kentucky,52238,72318,4461952,4337236,3848305,361230,68139,104872.0,16.6,5.4,1043315,39681,170054,162910,277772,148596,KY,86.24711785335208,8.095784087323217,1.5271119008003673,97.20490045612324,2.3503614561519264,23.38247923778651,17.9072522519292,155.0,52.0,17.0,3.8508101731945357,1.2918847032652634,68.11007636187408,0.42234692222133613,10.2193554592398
2016,Louisiana,45652,65229,4645670,4560511,2909290,1494201,78719,109960.0,19.7,7.7,1176907,34572,173340,145928,259639,124968,LA,62.623690447233656,32.16330475475012,1.6944595720315907,98.16691672030083,2.366935232162422,25.333417999987084,15.895382151551877,25.0,8.0,2.0,0.19545748975509566,0.06254639672163062,0.564329706809555,0.015636599180407655,0.4790132327405544
2017,Louisiana,46710,66861,4663461,4575938,2909599,1500648,80980,114487.0,19.6,7.2,1167557,34315,177466,150792,261387,133807,LA,62.39140844106984,32.17884742683599,1.73647855101608,98.1232179276293,2.4549792525336867,25.036276705219578,16.24902620607313,42.0,8.0,0.0,3.976753037955267,0.7574767691343367,11.705147338542124,0.0,0.0
2018,Louisiana,47942,68823,4663616,4572053,2901106,1502916,79872,114528.0,19.4,6.9,1160552,33977,178675,153950,262856,142112,LA,62.207222893137,32.22640972155512,1.712662449052409,98.03665224581097,2.455776804951351,24.885239264982363,16.544458205821407,45.0,13.0,0.0,0.9195977311684778,0.2656615667820047,0.9758953840148336,0.0,0.0
2019,Louisiana,49469,71001,4664362,4569403,2892275,1502963,80806,114467.0,19.2,6.5,1154067,33931,180752,158473,264062,150298,LA,62.00794449487411,32.222263194837794,1.732412707246993,97.96415887103103,2.4540762487988714,24.742226268029796,16.883680983594328,26.0,15.0,0.0,3.039357339580382,1.753475388219451,102.05470131990748,0.0,0.0
2020,Louisiana,50800,73759,4664616,4538963,2856904,1500633,80930,113130.0,18.6,6.6,1145889,36055,176581,168336,270865,164765,LA,61.246284796004645,32.170558090955396,1.7349766840400151,97.30625200445225,2.425280023050129,24.565559094253416,17.506307057215427,61.0,32.0,4.0,0.9246093260340732,0.4850409579195138,2.8896723111599147,0.060630119739939224,3.6164730346729352
2016,Maine,50826,67011,1329923,1302797,1260476,16303,14643,21540.0,13.5,6.0,296853,11291,48693,49872,115638,66367,ME,94.77811873318981,1.225860444552053,1.10104118809886,97.96033304183777,1.619642640964928,22.32106670837334,21.945706631135785,41.0,8.0,0.0,0.14952800936789332,0.029176196949832846,0.24338672629641459,0.0,0.0
2017,Maine,53024,70210,1330158,1302056,1258918,16906,14804,20960.0,12.9,5.3,293384,11326,51326,52085,116515,71101,ME,94.64424527011077,1.2709768313237977,1.1129504915957351,97.88731864936346,1.5757526549477583,22.056327143091274,22.730607942815816,31.0,10.0,0.0,1.0354245457742821,0.3340079179917039,29.745084624765756,0.0,0.0
2018,Maine,55425,73210,1332813,1303605,1259217,17881,14917,21424.0,12.5,4.6,287204,11978,53555,53324,116610,75790,ME,94.47814509612377,1.3415985588375863,1.119211772394177,97.80854478460219,1.607427298503241,21.548709383837043,23.353388659924533,20.0,4.0,0.0,3.201864766039742,0.6403729532079483,50.49867440979674,0.0,0.0
2019,Maine,57918,76227,1335492,1305696,1259522,18468,15109,20835.0,11.8,4.1,283155,12150,55350,55879,117323,81336,ME,94.31145974667015,1.382861147801709,1.13134335510808,97.76891213125948,1.5600991993961775,21.20229847876288,24.113809742027655,19.0,6.0,3.0,0.22711103291054024,0.07171927355069692,0.3737276907926577,0.03585963677534846,0.5767910805027311
2020,Maine,59489,78301,1340825,1303865,1256030,18635,15270,21731.0,11.1,4.0,278782,13324,58195,57285,117734,85961,ME,93.67590848917644,1.3898159715100777,1.1388510804914884,97.24348815095183,1.6207185874368393,20.791825928066675,24.798090727723604,84.0,47.0,0.0,1.1715535092420928,0.6555120825521233,17.95654516071108,0.0,0.0
2016,Maryland,76067,100071,5959902,5773749,3408240,1765926,362259,442757.0,9.9,6.7,1564161,73573,336697,333297,625140,261577,MD,57.18617520892122,29.63011807912278,6.078271085665503,96.87657615846703,7.428930878393639,26.244743621623307,27.35420817322164,38.0,5.0,0.0,2.06876690060065,0.2722061711316645,7.656967840735069,0.0,0.0
2017,Maryland,78916,103845,5996079,5806478,3395212,1782256,373065,443489.0,9.7,6.1,1555036,73818,343799,338651,636637,277910,MD,56.623870365950815,29.723691098799733,6.221815956727721,96.83791691203535,7.396316826379372,25.934214675957406,27.865126526851963,100.0,24.0,0.0,1.7351420222420915,0.416434085338102,6.559456002448864,0.0,0.0
2018,Maryland,81868,107482,6003435,5804066,3373181,1788090,374277,440537.0,9.4,5.6,1544732,74467,348722,342708,643673,295462,MD,56.18751598043453,29.784448403289115,6.234380816982277,96.6790845574242,7.33808228122733,25.73080244893132,28.400940461585744,47.0,6.0,0.0,8.058984910836763,1.02880658436214,98.0231988237216,0.0,0.0
2019,Maryland,84805,111417,6018848,5812156,3343003,1799094,378126,441608.0,9.2,5.1,1536208,76793,351079,348642,651295,311708,MD,55.54223997681949,29.891002397801042,6.282364997421433,96.56592092041534,7.337085103328743,25.523289506563383,28.90116181701216,18.0,3.0,0.0,0.518887056448858,0.08648117607480968,0.8851150206969396,0.0,0.0
2020,Maryland,87063,114236,6037624,5766485,3275048,1803128,384429,428772.0,9.0,5.2,1520676,77886,357552,358064,656177,331385,MD,54.24398736986603,29.86486074654533,6.367223265310989,95.50917712000614,7.101667808396151,25.18666283292898,29.499418976736546,40.0,18.0,1.0,0.8222534678540008,0.3700140605343003,1.3919111403927973,0.020556336696350017,1.5477719822315774
2016,Massachusetts,70954,97295,6742143,6539129,5343665,489233,411736,507234.0,11.4,6.8,1748398,117220,463991,394779,744370,313666,MA,79.25766332752065,7.256342679174856,6.106901025386142,96.98888024178662,7.523334939647527,25.93237788044543,30.168835042507997,368.0,129.0,27.0,49.82965839602663,17.467461774694115,534.6263831903518,3.6559803714476056,57.99467308187988
2017,Massachusetts,74167,101858,6789319,6579796,5358373,499774,426225,519292.0,11.1,6.0,1737576,121530,482186,400250,759516,338909,MA,78.92357097965201,7.361180112467834,6.277875586638365,96.91393201586197,7.648661080735786,25.592787730256894,30.96615433742324,407.0,112.0,0.0,5.8589096813804,1.612279814040798,36.690154917627325,0.0,0.0
2018,Massachusetts,77378,106627,6830193,6614700,5360006,510558,442574,533281.0,10.8,5.4,1734143,126537,500323,407217,769039,361123,MA,78.47517632371442,7.475015713318789,6.479670486617289,96.84499398479662,7.807700309493451,25.38937040285684,31.686352054766243,338.0,78.0,0.0,11.301811533264608,2.6081103538302943,16.920840835629217,0.0,0.0
2019,Massachusetts,81215,111498,6850553,6627518,5348538,522357,452436,535859.0,10.3,4.8,1723161,128997,513770,415088,777572,382635,MA,78.07454376310933,7.625034066592871,6.604371939024485,96.74427743278535,7.822127644293826,25.153604387850148,32.37785329155179,345.0,128.0,16.0,0.8812539656428454,0.32695799305009915,5.644050046850025,0.040869749131262394,0.2854930795585349
2020,Massachusetts,84385,115964,6873003,6544759,5261787,513369,466044,531066.0,9.8,5.1,1702976,132551,528098,430011,782001,404032,MA,76.557321450318,7.469355098491882,6.780791453168288,95.22415456533338,7.726840800156786,24.777757262727807,33.12515650000444,369.0,155.0,20.0,6.671317907100904,2.8023151100288346,68.00094762610885,0.3615890464553335,11.58111120762037
2016,Michigan,50803,68928,9909600,9637802,7817827,1376446,276769,307623.0,16.3,8.5,2562133,94025,376457,383188,732576,339577,MI,78.89144869621377,13.890025833535159,2.7929381609752157,97.25722531686446,3.104292806975055,25.855059740050052,19.43391256962945,406.0,96.0,0.0,11.336019728024874,2.680438162291596,25.379234498839427,0.0,0.0
2017,Michigan,52668,72091,9925568,9646666,7813199,1374515,289082,316459.0,15.6,7.4,2522019,98688,391382,386222,745299,364138,MI,78.71790309632658,13.848225109132292,2.912498307401652,97.19006509249647,3.188321313198398,25.40931662550697,20.006200148948654,454.0,166.0,8.0,47.81489107367601,17.48297779345863,79.08829302689003,0.8425531466727051,21.784712577948426
2018,Michigan,54938,75352,9957488,9673770,7818588,1375424,304403,322866.0,15.0,6.5,2487658,101593,406910,392184,752925,385033,MI,78.51968287584178,13.812961662620129,3.0570260290547173,97.15070708596384,3.242444279119392,24.982786823343396,20.47348688745595,439.0,155.0,3.0,64.13459206601043,22.64433205064149,48.2389665034841,0.438277394528545,11.228385358185493
2019,Michigan,57144,78400,9965265,9674006,7813755,1374314,311721,326181.0,14.4,5.9,2451348,104320,420513,395899,760566,408192,MI,78.40990681130909,13.791043188515308,3.12807536979699,97.0772578551599,3.273179388606324,24.59892436377758,20.967731415070247,404.0,182.0,27.0,1.9613422358204302,0.8835749676220751,5.487918137147296,0.13107980288898913,4.82860249513563
2020,Michigan,59234,80803,9973907,9597627,7735902,1360149,316844,317437.0,13.7,6.0,2400867,109243,439084,405852,777538,432657,MI,77.56140096353415,13.637073215140266,3.1767290390816756,96.22735604011548,3.1826745527103872,24.071479712012554,21.700362756540642,420.0,144.0,14.0,4.0786662062305705,1.3983998421361956,4.445404871422838,0.1359555402076857,3.478252227944775
2016,Minnesota,63217,83100,5450868,5302366,4597525,310853,246819,216058.0,10.8,4.8,1400964,63416,293631,269974,488068,202264,MN,84.3448236134135,5.702816505554711,4.528067823326487,97.2756265607606,3.96373568393144,25.701668064609162,24.167765574216805,116.0,32.0,0.0,8.157358253593983,2.250305725129375,121.8305033122668,0.0,0.0
2017,Minnesota,65699,86796,5490726,5336282,4598252,326953,255935,222887.0,10.5,4.3,1396256,65556,300730,275167,493490,216363,MN,83.74579245076153,5.954640606724867,4.661223306353294,97.18718435412731,4.059335687120428,25.42935123697668,24.61069811168869,142.0,53.0,6.0,8.413274250818665,3.140165741502741,459.4313453536754,0.3554904613021971,25.25465106490445
2018,Minnesota,68411,90600,5527358,5369591,4606044,342186,262359,228113.0,10.1,3.9,1396590,68715,309817,282225,498516,232224,MN,83.33174728324093,6.190769622666019,4.74655341665946,97.14570686393029,4.126980738356372,25.266863481612734,25.174721811035216,125.0,39.0,5.0,0.9749251588952522,0.3041766495753187,2.1380113753169327,0.03899700635581009,0.7237754443257453
2019,Minnesota,71306,93925,5563378,5397982,4609049,356515,268181,228066.0,9.7,3.6,1395300,70263,316807,292700,503226,246434,MN,82.84623119263152,6.408246931989881,4.820470584598063,97.0270580212238,4.099415858494606,25.08008623537714,25.69356243634713,140.0,82.0,2.0,2.1092513875107612,1.2354186698277314,13.237079319162126,0.030132162678725156,1.3793959625080177
2020,Minnesota,73382,96814,5600166,5382715,4572149,359817,275242,213520.0,9.3,3.8,1392298,72740,324904,302154,511659,259858,MN,81.64309772246037,6.425113112718445,4.914890022902893,96.11706152996179,3.8127441222278056,24.86172731308322,26.272703344865135,191.0,67.0,9.0,6.097368267316287,2.138867402671158,60.9584118059157,0.287310546627469,11.98673468028715
2016,Mississippi,40528,56358,2989192,2953825,1764038,1121327,28562,42432.0,22.3,9.6,802804,17614,88825,86810,153167,81089,MS,59.013873983337305,37.51271246544216,0.955509047260932,98.816837459755,1.4195140359000025,26.856889754823378,14.301690891719234,20.0,9.0,0.0,0.6875744299320401,0.30940849346941807,5.300322141801285,0.0,0.0
2017,Mississippi,42009,58371,2986220,2948291,1755471,1122576,28859,42470.0,21.5,8.8,789622,18568,88496,88023,155687,85112,MS,58.7857224183081,37.59187199871409,0.9664056901366945,98.72986585047317,1.4221993021277735,26.44219113126293,14.596580292141907,49.0,21.0,2.0,1.10355289982172,0.47295124278073714,5.930327128140249,0.04504297550292734,3.1846119550332794
2018,Mississippi,43567,60640,2988762,2948569,1751193,1125834,28313,43317.0,20.8,8.2,782219,19136,90045,91337,158678,89117,MS,58.59258783402627,37.6689077283504,0.9473153098172421,98.6551956964121,1.4493291871350078,26.17200700490705,14.999956503729639,10.0,3.0,0.0,0.21442588755163378,0.06432776626549012,0.19961195436072274,0.0,0.0
2019,Mississippi,45081,62835,2984418,2944122,1743217,1125623,29605,42569.0,20.3,7.5,769205,19428,88220,90845,162122,93966,MS,58.41061808365986,37.71666703524774,0.9919857070959899,98.649786993645,1.4263752597658907,25.774037014922175,15.231814042134847,20.0,10.0,0.0,1.5005856035317784,0.7502928017658892,55.925283820815395,0.0,0.0
2020,Mississippi,46511,65156,2981835,2931805,1729353,1123545,29742,40199.0,19.6,7.1,754722,20240,89619,92866,168057,100657,MS,57.99626739910156,37.6796502824603,0.9974394961491834,98.32217409749366,1.348129591342244,25.310656022214513,15.810365093977365,36.0,14.0,1.0,0.5996566965412301,0.23319982643270062,0.7829583522082222,0.016657130459478614,0.2671817931638866
2016,Missouri,49593,67210,6059651,5911610,5000875,701896,107953,129624.0,15.3,6.6,1529503,57310,262477,239470,430579,193139,MO,82.52744258704008,11.583109324282868,1.7815052385030097,97.55693851015512,2.139133095288821,25.240777067854236,19.522163900198215,88.0,29.0,0.0,1.2883969750195932,0.4245853667678205,5.680059856079035,0.0,0.0
2017,Missouri,51542,70144,6075300,5923910,5004537,703061,112959,131041.0,14.6,5.8,1514505,58951,268173,244647,436101,206788,MO,82.37514196829785,11.572449097163926,1.859315589353612,97.50810659555907,2.1569469820420393,24.92889240037529,19.993415962997712,104.0,28.0,5.0,1.0444401238545304,0.28119541796083514,2.0357358894420923,0.050213467493006265,1.6425593703084398
2018,Missouri,53560,73145,6090062,5934734,5008342,704896,116720,131589.0,14.2,5.1,1498474,58250,272864,249903,439408,218908,MO,82.23794765964615,11.574529126304462,1.9165650530323006,97.4494840939222,2.1607169188096935,24.605233904022654,20.350088389904734,66.0,17.0,4.0,1.1940605258425454,0.30756104453520106,4.968058307470207,0.0723673045965179,1.5246284671004235
2019,Missouri,55461,76060,6104910,5944542,5015904,701334,120654,133228.0,13.7,4.6,1480841,60191,277642,256926,445327,232667,MO,82.16180091106993,11.488031764596037,1.9763436316014489,97.37313080782518,2.182308993908182,24.256557426727014,20.848022329567513,90.0,31.0,7.0,3.0112802558383707,1.0372187547887721,2.7535142836332884,0.2342106865652066,24.723625189842124
2020,Missouri,57290,78194,6124160,5909842,4978046,698043,123810,127456.0,13.0,4.5,1459812,62467,284322,264668,454432,247162,MO,81.28536811579056,11.398183587626711,2.0216650120179747,96.50045067405163,2.081199707388442,23.83693437140767,21.440507759431497,131.0,62.0,2.0,2.151045424496499,1.0180520329678089,8.795623751588886,0.0328403881602519,1.7135023989033582
2016,Montana,48380,65401,1023391,996869,911907,4260,7481,9588.0,14.9,5.6,236199,6622,40430,40030,81291,47321,MT,89.10641191880718,0.41626318777476057,0.7310011520523436,97.40841965583047,0.9368853155831935,23.08003490357058,21.07640188354207,21.0,9.0,0.0,2.01587356441004,0.8639458133185887,194.38444924406048,0.0,0.0
2017,Montana,50801,68622,1029862,1001478,916664,4438,7448,10396.0,14.4,4.8,236695,7419,41136,42016,82279,50877,MT,89.00843025570417,0.4309315228642284,0.723203691368358,97.24390258112253,1.009455635803632,22.983176386739192,21.723978552466253,21.0,8.0,0.0,1.1025011025011024,0.42000042000042,8.804754567466432,0.0,0.0
2018,Montana,52559,70959,1041732,1012297,925642,4630,7947,10716.0,13.7,4.2,237746,8384,42229,43205,83819,53617,MT,88.85605894798279,0.44445212396278505,0.7628641531603138,97.17441722055192,1.028671481724666,22.822184592582353,22.198991679241878,12.0,6.0,0.0,0.41055832853493285,0.20527916426746642,2.2977677186613206,0.0,0.0
2019,Montana,54970,74190,1050649,1018488,930204,5303,8259,10368.0,13.1,4.0,238987,8747,44341,45978,84058,57292,MT,88.53613338041534,0.5047356443493498,0.7860855528344861,96.93893964587602,0.9868186235364997,22.746607097137105,22.88261826737569,37.0,13.0,1.0,2.7537506828557436,0.9675340237060722,63.365178397348416,0.07442569413123631,2.768242719521648
2020,Montana,56539,76834,1061705,1021000,932157,5919,8664,9900.0,12.8,4.2,238528,10013,46813,48990,85496,62197,MT,87.7981171794425,0.5574994937388447,0.8160458884530072,96.16607249659745,0.9324624071658324,22.466504349136528,23.877536603858886,26.0,11.0,2.0,0.2927319717918968,0.12384814191195635,0.9191452951459101,0.022517843983992064,0.2402682354580654
2016,Nebraska,54384,71166,1881259,1837606,1655708,88388,39794,81949.0,12.4,4.2,508455,20336,90411,79888,138015,58469,NE,88.0106354308471,4.698342971382463,2.1152855614245567,97.6795858518152,4.356072183574936,27.027379005230006,20.577655708225183,31.0,9.0,0.0,1.4815282106866932,0.43012109342516897,20.92731246802772,0.0,0.0
2017,Nebraska,56675,74309,1893921,1848350,1663612,89718,42208,82920.0,12.0,3.8,506803,20580,92822,81933,138554,64143,NE,87.83956669787177,4.7371564072630274,2.2286040442024775,97.5938278312559,4.378218521258279,26.75945828785889,21.01629371024451,41.0,16.0,0.0,0.2089869165524927,0.0815558698741435,0.5214955579986175,0.0,0.0
2018,Nebraska,59116,77278,1904760,1856160,1666463,90860,44105,83089.0,11.6,3.5,504889,22624,95637,85499,138829,69251,NE,87.48939498939498,4.77015477015477,2.3155148155148155,97.44849744849745,4.362176862176862,26.50669900669901,21.62162162162162,39.0,21.0,3.0,0.3840236700374098,0.20678197617398988,0.963469812655589,0.029540282310569984,1.0628347929597823
2019,Nebraska,61439,80208,1914571,1864185,1666871,92406,45655,84191.0,11.1,3.3,506713,23682,96464,90275,138921,73565,NE,87.06237585338961,4.826459817891319,2.3846073088958306,97.36828772607545,4.397381972253837,26.46613784497937,22.088864816191197,44.0,10.0,2.0,5.849500333022689,1.329431893868793,48.91171435558817,0.26588637877375865,18.494544109487702
2020,Nebraska,63015,82306,1923826,1847889,1641256,91896,47944,86499.0,10.4,3.4,505631,23712,98387,92914,140795,77219,NE,85.31208123811614,4.7767313675976935,2.492117270480802,96.05281350808234,4.496196641484209,26.28257441161519,22.508636435935475,100.0,45.0,0.0,0.8589678693619819,0.38653554121289185,3.1287566807646128,0.0,0.0
2016,Nevada,53094,70855,2839172,2710136,1933057,243552,222612,292032.0,14.9,9.3,689934,13276,90720,89643,169439,95759,NV,68.0852375269973,8.578275638108575,7.840736665478527,95.45515382653817,10.285815723739175,24.300535508239726,16.160944106239423,41.0,14.0,5.0,1.0464156817385406,0.3573126718131602,4.861803242822763,0.12761166850470007,5.995778971603991
2017,Nevada,55434,73862,2887725,2753390,1936453,253013,232502,293386.0,14.2,8.0,693218,13242,94261,92756,175755,103349,NV,67.05808205421224,8.761672250647136,8.051389934983423,95.34806811590438,10.159762442753378,24.005679211143722,16.60002250906856,5.0,2.0,0.0,0.12249068642065801,0.04899627456826321,2.57105760454563,0.0,0.0
2018,Nevada,57598,77319,2922849,2782350,1935103,261123,234693,293257.0,13.7,6.9,695651,13482,97281,97709,178644,111714,NV,66.20605443524452,8.933851868502272,8.029597149904083,95.19308044993086,10.033258645930735,23.80044265030455,17.066567585256713,37.0,17.0,1.0,0.28926179685831976,0.1329040688267956,1.1943914189299798,0.007817886401576211,0.2337038318080263
2019,Nevada,60365,81496,2972382,2825974,1949707,271005,242267,291093.0,13.1,6.2,699523,14260,101540,101290,183563,119298,NV,65.59409254934259,9.11743510760057,8.150601100396921,95.0743881506482,9.793256721376997,23.534088148831476,17.492738147384827,47.0,22.0,1.0,4.448183863313935,2.0821286168703526,31.7671181448003,0.09464220985774328,2.804026582171999
2020,Nevada,62043,84350,3030281,2801800,1881048,282722,252314,289681.0,12.8,6.6,697235,15722,109145,107481,188356,128015,NV,62.07503528550653,9.329893828328132,8.326422533091815,92.46007218472478,9.55954249787396,23.008922274864936,18.107858644132342,143.0,32.0,15.0,2.885435110499049,0.6456917729788082,2.389200812328276,0.30266801858381637,19.977625059932876
2016,New Hampshire,68485,87900,1327503,1302597,1243594,17483,32094,36090.0,8.5,5.1,316403,16343,59658,64225,142403,64390,NH,93.67918565909079,1.3169838410911312,2.417621655092305,98.12384604780554,2.718637923982093,23.834447078462347,26.14073188535167,29.0,20.0,1.0,3.355359144915647,2.3140407895969983,123.1451265316175,0.11570203947984992,7.898894154818325
2017,New Hampshire,71305,91605,1331848,1305658,1244260,18632,33313,36404.0,8.1,4.5,312824,17040,61790,64509,143317,68942,NH,93.42357386128147,1.3989584397018278,2.501261405205399,98.03355938515507,2.733344946270145,23.48796559367135,26.699593346988543,15.0,6.0,2.0,0.2255269776122376,0.09021079104489506,0.5369180367770958,0.030070263681631685,1.7712438559978745
2018,New Hampshire,74057,95876,1343622,1315732,1250014,20516,36124,36381.0,7.9,4.0,310284,17241,65378,64057,143941,74049,NH,93.03315962376323,1.5269175407964444,2.6885537747967807,97.92426739067982,2.7076811781885084,23.09310207781653,27.140520176061422,13.0,4.0,0.0,0.04661972060801439,0.014344529417850584,0.11884307455352885,0.0,0.0
2019,New Hampshire,76768,99165,1348124,1319843,1252128,21546,36180,36345.0,7.6,3.6,306551,17494,67620,64783,144425,78909,NH,92.87929003563471,1.5982209351662013,2.6837293898780827,97.90219594043278,2.6959686200972612,22.739080381329906,27.685212932934956,16.0,8.0,1.0,0.5253911701446468,0.2626955850723234,22.30773520718309,0.03283694813404042,1.4324595330181924
2020,New Hampshire,77923,101292,1355244,1315392,1246602,21045,36581,35600.0,7.4,3.8,301741,17865,69692,66950,144705,83338,NH,91.98358376794143,1.5528569025208745,2.699218738470711,97.0594225098949,2.626833249215639,22.264699198077984,28.227389311445023,29.0,10.0,0.0,4.6401707582839045,1.6000588821668638,124.10027302060065,0.0,0.0
2016,New Jersey,73702,101634,8915456,8689743,6075710,1207221,819208,896241.0,10.9,7.9,2267652,115660,495897,505252,927889,361003,NJ,68.14805658846839,13.540765609745591,9.188627031528169,97.46829550838454,10.052665842330443,25.435064678688335,26.983488001062423,283.0,110.0,10.0,3.363532227036286,1.3073800175759416,6.818386088012967,0.11885272887054014,1.881456924984431
2017,New Jersey,76475,105917,8960161,8731100,6085474,1207356,844105,897450.0,10.7,7.0,2257674,121440,506949,512853,942085,385949,NJ,67.9170162232576,13.474713233389446,9.420645454919839,97.44356156100321,10.01600306065929,25.196801709255002,27.558388738773782,503.0,212.0,23.0,6.895761313983891,2.906364609472336,78.5609996516635,0.3153131415936968,3.786450762146687
2018,New Jersey,79363,110140,8881845,8650896,6031747,1196764,832403,869722.0,10.4,6.1,2221322,124705,508127,515805,952454,407670,NJ,67.9109689484561,13.474272518829139,9.371960442903474,97.39976322487051,9.792132152722774,25.00969111710461,28.245944395561956,543.0,225.0,14.0,29.687477789064726,12.301441072816877,337.1897853974344,0.7654230000863834,96.32585661208202
2019,New Jersey,82545,114691,8878503,8634958,6018074,1194882,840168,866701.0,10.0,5.5,2206536,129561,521946,527955,960241,430809,NJ,67.78253045586627,13.458147167377202,9.462946625123628,97.25691369367111,9.76179204985345,24.852568051168085,28.952087981498682,817.0,303.0,63.0,14.13887664980962,5.243671511496101,82.17082854229493,1.0902683340734467,39.53412485253144
2020,New Jersey,85245,117868,8885418,8457807,5820147,1189681,857873,859107.0,9.7,5.8,2192185,135486,538832,541870,978829,453531,NJ,65.50223073354569,13.38913937419714,9.65484122412699,95.18749708792541,9.66872914701368,24.671714937890375,29.80780420234591,1184.0,452.0,74.0,203.49376800335492,77.68512089317265,8158.844765342959,12.718360500209682,1555.9293523969723
2016,New Mexico,45674,63057,2082669,2014872,1530636,41957,29168,128420.0,20.9,8.5,557777,10810,62385,63091,148406,92356,NM,73.49396375516226,2.0145784087629863,1.4005105948184757,96.74470595183392,6.166126254339984,26.781836191924878,18.104077028082717,26.0,7.0,3.0,0.7676543524082645,0.20667617180222508,1.917755677926632,0.0885755022009536,44.88330341113106
2017,New Mexico,46718,64625,2084828,2016546,1547843,42187,29991,126377.0,20.6,7.7,549233,11202,64361,62611,147127,97195,NM,74.24319895933861,2.023524242767269,1.4385359367775183,96.72481374962348,6.061747060189138,26.34428355720472,18.34664538273661,7.0,3.0,0.0,0.14355293514483466,0.06152268649064343,0.2309383486984315,0.0,0.0
2018,New Mexico,48059,66565,2092434,2024926,1558886,43006,31513,123123.0,20.0,7.2,542173,11841,64976,64115,145622,103483,NM,74.5010834272431,2.0553097493158683,1.5060451130119277,96.77370946945041,5.88419993175412,25.911115953956017,18.64034899069696,46.0,27.0,0.0,6.2409438477860935,3.6631626932657504,111.54720099153069,0.0,0.0
2019,New Mexico,49754,69077,2092454,2024190,1565366,44120,32577,116211.0,19.1,6.7,532619,12538,66095,65962,143256,108206,NM,74.81005556155596,2.108529028595133,1.5568801034574715,96.73761048032597,5.553813847281709,25.45427521943135,18.92787129370586,52.0,13.0,1.0,0.7375573716802649,0.18438934292006623,4.094978296615028,0.014183795609235866,0.428792563021787
2020,New Mexico,51243,70241,2097021,1926719,1467849,43476,33695,110163.0,18.6,6.6,526666,13509,70807,71470,141572,114439,NM,69.99686698416467,2.073226734496221,1.606803174598633,91.87886053596984,5.25330933738861,25.114960699010645,19.637237776827224,64.0,16.0,11.0,2.133781427433094,0.5334453568582735,3.481727459078822,0.3667436828400631,24.17369901547117
2016,New York,60741,89397,19697457,19121017,12667413,3073278,1599216,2020397.0,15.5,7.5,4926760,299248,1234661,986370,1711598,758817,NY,64.30989035792794,15.60240999637669,8.118895753903663,97.07353086238493,10.257146392044415,25.01216273755541,25.33674270744696,595.0,246.0,45.0,1.5146309403157259,0.6262171618784346,10.817428196022352,0.1145519198558112,0.7905245270774852
2017,New York,62765,93443,19798228,19208202,12638791,3100685,1652846,2006012.0,15.1,6.8,4869327,303403,1273580,1000255,1733437,813541,NY,63.837990955554204,15.661426871132104,8.34845421519542,97.01980399457972,10.13228052530762,24.594761713017952,25.8821951136233,554.0,196.0,27.0,9.874608513659311,3.4935438062765796,83.8872315929586,0.48125348351769204,15.156022835074404
2018,New York,65323,97424,19618453,19019270,12514949,3068099,1630341,1937820.0,14.6,6.0,4769473,302481,1283025,1008078,1741198,855837,NY,63.79172200784639,15.638842675311862,8.310242402905061,96.94581932632506,9.877537234969546,24.31115745976505,26.457840483141048,523.0,220.0,19.0,14.629067817896916,6.153718776170787,57.378930456736285,0.5314575306692952,11.78243425091624
2019,New York,68486,101945,19572319,18956062,12459687,3065471,1647606,1885643.0,14.1,5.5,4723073,307095,1307435,1023449,1750626,904297,NY,63.65973802082421,15.662277934464486,8.418041827337884,96.85138485633715,9.634233940290878,24.13139189076164,27.042794469066234,612.0,231.0,44.0,63.933275389449754,24.131677475429566,108.80726512232575,4.596509995319917,118.88999972979545
2020,New York,71117,105304,19514849,18593296,12160045,3002401,1674216,1820698.0,13.6,5.7,4656339,316668,1334759,1057479,1767028,953526,NY,62.31175552524132,15.385212563007789,8.57919013362594,95.27768316321587,9.329808291112066,23.860492079646633,27.822198368022217,465.0,195.0,30.0,67.13027459891465,28.15140547696421,60.783451938992116,4.330985457994494,108.72716729486808
2016,North Carolina,48256,67367,9940828,9697458,6882915,2137131,254550,495714.0,16.8,8.3,2533803,92048,411722,437864,750498,340351,NC,69.23885012395345,21.498521048749662,2.5606518893597197,97.55181359138292,4.986646987554759,25.488852638834516,20.44581195852096,144.0,52.0,1.0,0.6889412867011941,0.24878435353098677,1.548065498651248,0.0047843144909805145,0.17504673747890687
2017,North Carolina,50320,70523,10052564,9801368,6937466,2159427,269164,498309.0,16.1,7.2,2526271,94215,429889,450954,778651,366222,NC,69.0119058182569,21.48135540345727,2.6775656439491455,97.5011748246517,4.95703384728513,25.13061344349561,21.088460615620054,164.0,74.0,5.0,1.57633998270063,0.7112753580478453,2.2499103076296283,0.0480591458140436,1.2063279137041263
2018,North Carolina,52413,73753,10155624,9892323,6994240,2179622,282264,494357.0,15.4,6.3,2520207,97186,444959,459529,800770,393948,NC,68.87060804929366,21.46221640344306,2.779386082036909,97.4073380424482,4.867815114068815,24.815875420358218,21.627346581559145,137.0,36.0,4.0,9.633681036555952,2.531478228584046,138.328530259366,0.2812753587315606,0.7443868578500247
2019,North Carolina,54602,76940,10264876,9991600,7049919,2200761,292992,497991.0,14.7,5.6,2518907,101494,462562,469002,829660,421629,NC,68.68002107380548,21.439723188083324,2.854316019014745,97.33775644245483,4.851407849446987,24.539088441009905,22.25401456383886,267.0,79.0,13.0,15.543588997234755,4.599039441129385,662.8628964591375,0.7568039586668608,53.52657800469387
2020,North Carolina,56642,79620,10386227,10007858,7019443,2217522,308958,494703.0,14.0,5.4,2521615,105258,485091,481568,852979,454252,NC,67.5841477371908,21.350602100262204,2.974689461341448,96.35701203141429,4.763067473876703,24.27845068281292,22.906759114739163,345.0,145.0,24.0,2.701510990333994,1.1354176626041423,7.995191857034942,0.18793119932758215,3.435816092217304
2016,North Dakota,59114,78828,736162,718183,649730,14761,9296,14691.0,11.2,2.8,181491,10445,37042,28471,49113,19928,ND,88.25910601199193,2.0051293057778046,1.2627655325865774,97.55773864991673,1.995620529177002,24.6536767722322,19.69661569056811,13.0,3.0,0.0,0.19502819132505606,0.04500650569039755,0.4787842709791298,0.0,0.0
2017,North Dakota,61285,81334,745475,728034,654024,17365,10197,16295.0,11.0,2.7,181666,11217,38869,30091,49701,21609,ND,87.73251953452497,2.3293873033971626,1.36785271135853,97.66041785438814,2.18585465642711,24.369160602300546,20.320869244441464,15.0,11.0,1.0,0.47778186900622643,0.3503733706045661,9.453501662956883,0.031852124600415095,1.3202888792067704
2018,North Dakota,63473,84043,752201,733895,655268,20445,10814,17548.0,10.9,2.8,183653,11429,40491,31498,49247,23160,ND,87.11341782316163,2.7180235070147476,1.4376476500297128,97.56634197508379,2.3328870873609584,24.415415560468546,20.71587248621047,10.0,3.0,0.0,0.3435656340916056,0.10306969022748168,1.7616902831036285,0.0,0.0
2019,North Dakota,64894,85476,756717,737105,655136,21985,11006,18414.0,10.7,2.8,184783,11083,41343,33150,49340,24924,ND,86.57609119393379,2.9053133469976227,1.4544406957951255,97.4082781277545,2.4334064121725825,24.419036442950272,21.122823988360246,19.0,7.0,1.0,0.42705726972847247,0.15733688884733196,1.9502518610974902,0.022476698406761707,1.5339540734150419
2020,North Dakota,65315,85506,760394,736452,651470,23959,11979,19388.0,10.5,3.1,185329,11984,40725,35568,49308,27052,ND,85.67532095203276,3.1508665244596883,1.5753675068451354,96.8513691586204,2.5497307974550036,24.37275938526606,21.65153854449141,22.0,1.0,3.0,0.47166150483174335,0.02143915931053379,0.06653523739440026,0.06431747793160136,3.712595599336683
2016,Ohio,50674,68341,11586941,11288764,9519506,1421943,224520,238914.0,15.4,7.2,2922228,106052,473148,444524,819523,355680,OH,82.15719748637711,12.271944769547027,1.9376986557539215,97.42661156210254,2.0619247133475525,25.220012771274142,18.977631801180312,469.0,155.0,33.0,35.11814372530873,11.606209546743822,839.2895819796405,2.4709994518873946,218.41286650340857
2017,Ohio,52407,71119,11609756,11296984,9503779,1428230,235878,247920.0,14.9,6.5,2880662,108924,485411,452424,828510,382282,OH,81.86028199042254,12.301981195814967,2.0317222859808597,97.30595543954584,2.1354453960961797,24.81242499842374,19.445292390296576,382.0,80.0,36.0,6.346729473812929,1.3291580049870009,4.446682608023817,0.5981211022441504,9.520635978483362
2018,Ohio,54533,74109,11641879,11314790,9489832,1438271,249741,253618.0,14.5,5.8,2848490,110334,498688,460998,839762,406122,OH,81.51460773643156,12.354285764351271,2.145194946623307,97.19041058578259,2.1784971309184713,24.46761386198912,19.89287124526891,360.0,154.0,22.0,5.255050212734651,2.2479937021142673,29.481752900793904,0.3211419574448953,4.862566197208003
2019,Ohio,56602,76958,11655397,11319971,9476047,1446193,258199,258221.0,14.0,5.3,2819381,111316,507248,470757,846066,431255,OH,81.30179521126564,12.407925701715694,2.2152741772759863,97.12214006953174,2.2154629310352965,24.18948921259396,20.305117020038015,345.0,81.0,23.0,3.4620253450359826,0.8128233418780133,5.893849586048021,0.2308016896690655,7.378392857715713
2020,Ohio,58116,78797,11675275,11260126,9394878,1442655,268527,255314.0,13.6,5.3,2771293,112850,520865,487635,849887,457152,OH,80.46815171377119,12.35649695617448,2.299962955904679,96.44420366972084,2.1867921740601397,23.736425908597443,20.799415859583608,551.0,239.0,15.0,9.904054694827495,4.295951128972362,67.03785254477371,0.2696203637430353,5.593237403097162
2016,Oklahoma,48038,65458,3875589,3575825,2823497,281295,77541,149627.0,16.5,6.0,999903,29005,138368,125423,235994,120330,OK,72.85336499819769,7.258122571820697,2.0007539499157416,92.26533050847239,3.8607551007085634,25.800026783025753,16.74893803238682,35.0,13.0,4.0,1.1727579715710066,0.43559581801208813,1.1549159887457878,0.1340294824652579,13.511231210944096
2017,Oklahoma,49767,67682,3896251,3594160,2828569,283821,80670,150488.0,16.2,5.7,1002485,28833,141465,128081,236701,128117,OK,72.59719663851226,7.284463962922307,2.0704518266405323,92.24662374164294,3.8623795027579075,25.729476874051493,17.021413661491522,28.0,12.0,2.0,0.4586472200245376,0.1965630942962304,1.7110249895199718,0.0327605157160384,1.657632569164719
2018,Oklahoma,51424,70262,3918137,3615027,2837772,287959,83392,152992.0,16.0,5.3,1005467,28757,141468,131774,238109,136719,OK,72.42656395118394,7.349385690188985,2.1283584519887895,92.26392543190808,3.9047128775742146,25.661864299283053,17.27420455180613,30.0,6.0,0.0,2.8553779616218167,0.5710755923243633,113.14350367716388,0.0,0.0
2019,Oklahoma,52919,72695,3932870,3628255,2844070,286356,85239,150583.0,15.7,5.1,1002998,29187,141166,135654,240831,143858,OK,72.31538291375001,7.28109497644214,2.167348526648478,92.25463847012487,3.828832379407405,25.502953313992073,17.562136556763893,29.0,5.0,4.0,1.5146996376734005,0.26115510994368973,5.4109040538493165,0.20892408795495176,8.761362391851932
2020,Oklahoma,53840,74195,3949342,3604505,2809793,287856,87033,148515.0,15.3,5.1,992436,29728,143664,138704,244941,155593,OK,71.14585163807034,7.28870784044532,2.20373419167041,91.26849485306666,3.7604998503548184,25.129148096062586,18.044271678674576,58.0,27.0,1.0,1.9512969732692502,0.9083623841080991,9.962915813361377,0.03364305126326293,0.41276773146982465
2016,Oregon,53270,72013,3982267,3806726,3387825,74012,160155,228675.0,15.7,8.1,960816,31669,178734,187370,318544,181725,OR,85.07277387478037,1.8585393696605477,4.021704220234354,95.59193293669159,5.742332194199936,24.12736263038114,22.55102432860479,108.0,46.0,5.0,8.011132507098754,3.4121490308013214,213.4967047247749,0.3708857642175349,13.819789939192924
2017,Oregon,56119,75851,4025127,3840963,3416776,76347,166351,229637.0,14.9,6.8,953282,32415,189617,195328,323879,194103,OR,84.88616632468988,1.8967600276960206,4.132813697555381,95.42464125976646,5.705087069302409,23.68327757111763,23.237577348491115,150.0,36.0,6.0,1.6894740025429964,0.40547376061031914,3.0128498044158336,0.06757896010171985,0.7141428857085725
2018,Oregon,59393,80040,4081943,3888283,3445933,77789,174510,228412.0,14.1,6.0,955719,33950,199808,201249,330652,206108,OR,84.41893970591946,1.905685601195313,4.275169937453806,95.25569073355507,5.595668533343067,23.41333526705297,23.806481374188714,132.0,40.0,7.0,6.308382406494957,1.9116310322711993,90.66183136899366,0.3345354306474599,21.48755256776253
2019,Oregon,62818,84258,4129803,3931451,3480920,78679,180580,224600.0,13.2,5.5,954416,36251,206602,210599,338640,220079,OR,84.28779774725332,1.9051514079485146,4.37260566666255,95.1970590364722,5.438516074495563,23.110448609776302,24.508941467668073,170.0,39.0,19.0,0.8685736217563181,0.19926100734409652,1.272235163862258,0.09707587537276496,1.1531883229364301
2020,Oregon,65667,88137,4176346,3918374,3449081,79117,187801,217482.0,12.4,5.5,948174,37829,213961,221041,342672,235370,OR,82.58609320204792,1.8944072162603385,4.496777805287206,93.82302136844027,5.207470836946939,22.70343501232896,25.162498509462576,271.0,126.0,10.0,2.64007085911218,1.2274868201038183,5.725292296619215,0.09741958889712843,3.4130624726955
2016,Pennsylvania,54895,75235,12783977,12498209,10402743,1410563,401979,393307.0,13.3,7.2,3031943,145046,613373,535617,1005325,441635,PA,81.37329252078598,11.033835558371234,3.144397083943439,97.76463928243926,3.0765621684081568,23.7167432325637,21.44087086514627,72.0,23.0,1.0,9.514785580342453,3.0394453937205057,104.6167841710257,0.13214979972697852,9.08595311648192
2017,Pennsylvania,56951,78192,12790505,12493185,10378174,1417611,417525,403153.0,13.1,6.5,2997324,147934,628810,547132,1022574,474703,PA,81.13967353126401,11.083307500368438,3.264335536399853,97.6754631658406,3.1519709346894436,23.433977000908097,22.056619343802296,76.0,26.0,0.0,0.6520584412525802,0.22307262463904062,1.7978236653060828,0.0,0.0
2018,Pennsylvania,59445,81549,12791181,12480301,10341442,1423319,427892,410844.0,12.8,5.8,2971060,150995,647966,558902,1031703,506746,PA,80.84821878448909,11.127346255205051,3.3452110481432475,97.56957547547799,3.2119317207691767,23.227409572267018,22.643038199521996,68.0,24.0,3.0,1.7290172316908516,0.6102413758908889,8.38117587897582,0.07628017198636111,3.5195157146376657
2019,Pennsylvania,61744,84849,12791530,12471656,10300602,1430664,436324,412209.0,12.4,5.3,2950731,150336,662103,572883,1037418,541881,PA,80.52673917819057,11.184463469186252,3.4110383980649694,97.49932963453159,3.222515211237436,23.06785036660978,23.176437845980896,45.0,11.0,8.0,1.089640353304988,0.26635653080788596,13.980858933133366,0.19371384058755348,4.430169453981615
2020,Pennsylvania,63627,87262,12794885,12361860,10155004,1419582,449320,410853.0,12.0,5.4,2908512,154833,689323,595808,1045687,575699,PA,79.36768482092648,11.094918008250954,3.5117158145618346,96.61563976542189,3.2110722370697355,22.731833853918967,23.92635807199518,80.0,43.0,1.0,0.6254138480697774,0.3361599433375054,3.005597400927122,0.007817673100872218,0.2291874845298448
2016,Rhode Island,58387,79024,1054491,1024433,854026,68886,34598,67927.0,13.8,7.7,266870,14782,51081,45272,95159,43716,RI,80.98940626330618,6.5326304349681505,3.281014252373894,97.14952522117306,6.441686083617594,25.307944780941703,23.709069114862054,12.0,1.0,0.0,0.38749076480343886,0.032290897066953234,2.713777850145187,0.0,0.0
2017,Rhode Island,61043,82407,1056138,1024842,854801,68346,35556,67344.0,13.4,6.8,263952,14544,53460,45345,95402,46189,RI,80.9364874666,6.471313407906922,3.3666055004175592,97.03675087914647,6.3764394425728455,24.9921885208183,24.13889094038847,11.0,4.0,0.0,1.7619367208435512,0.6407042621249277,47.04775346977182,0.0,0.0
2018,Rhode Island,63296,85527,1056611,1023902,854502,69254,35663,64579.0,13.1,6.1,261044,14469,53890,45450,95713,48911,RI,80.87195760786136,6.554351601488154,3.375225130156699,96.90434795776306,6.111899270403205,24.70578103010474,24.458670220166173,13.0,4.0,0.0,0.15376494048173137,0.04731228937899427,0.24667117252675147,0.0,0.0
2019,Rhode Island,67167,89093,1057231,1022010,850597,71561,35958,62723.0,12.4,5.4,257417,14384,56223,46444,98035,51416,RI,80.45517015675856,6.768719418934935,3.401148850156683,96.6685615537191,5.932762092674165,24.348226641103032,25.20754688426654,17.0,3.0,3.0,0.22960230045297833,0.04051805302111382,1.0650269984344103,0.04051805302111382,0.4751850449762645
2020,Rhode Island,70305,92427,1057798,1005477,835608,69196,36536,64282.0,11.6,5.5,255231,14387,59889,49177,94950,55628,RI,78.99504442247007,6.541513597114005,3.453967581712199,95.05378153484881,6.076963654686433,24.128519811911158,25.905796758927508,14.0,3.0,0.0,0.7703715116614988,0.16507960964174975,4.478280340349306,0.0,0.0
2016,South Carolina,46898,64115,4834605,4734523,3252252,1322368,68553,139895.0,17.2,8.4,1202103,41025,175939,175571,333646,179901,SC,67.27027337290224,27.35214148829118,1.4179648595903906,97.92988258606442,2.893617989473804,24.864554601668594,18.74159316014442,30.0,5.0,2.0,0.5180706496398718,0.08634510827331197,1.3469827586206897,0.034538043309324785,1.2357807972021924
2017,South Carolina,48781,66759,4893444,4789037,3292598,1332110,71994,141907.0,16.6,7.2,1200892,42001,182184,179636,340171,196090,SC,67.28590334333038,27.222340748152018,1.4712337568387417,97.86639021515317,2.899941227487226,24.540834635075008,19.211050540273884,82.0,30.0,0.0,14.113014264471003,5.163297901635732,537.4417771408098,0.0,0.0
2018,South Carolina,51015,70093,4955925,4845717,3332986,1339360,75084,141515.0,16.0,6.4,1195464,42310,188229,182899,346727,209968,SC,67.25255123917331,27.025429158028018,1.515035033823151,97.77623753386099,2.855470976659251,24.121914677885563,19.575215524851565,65.0,17.0,2.0,1.9587475707763298,0.5122878262030401,4.396445603037169,0.06026915602388708,32.0666987333654
2019,South Carolina,53199,73520,5020806,4904876,3372011,1344139,78805,147485.0,15.2,5.8,1192839,43059,196477,189813,356474,226515,SC,67.16075068425269,26.771378937963348,1.5695687106811136,97.6910081767748,2.937476572486569,23.75791854933252,20.16285831398385,57.0,23.0,7.0,1.1648852097590405,0.4700414004290865,1.7674374999519717,0.1430560783914611,10.30791205878455
2020,South Carolina,54864,76390,5091517,4939806,3386329,1346560,83573,148856.0,14.7,5.5,1187922,45831,205645,197560,369555,245546,SC,66.50923487047181,26.44712764388295,1.641416497283619,97.02031830591945,2.9236080327336627,23.331396124180674,20.900195364171424,123.0,50.0,3.0,16.689507320316423,6.784352569234318,209.25755419770653,0.4070611541540591,6.343970056461333
2016,South Dakota,52078,68419,851058,828819,721410,14078,11351,17337.0,14.0,4.1,217046,7237,34749,31279,58326,28431,SD,84.7662556488512,1.654176331107868,1.333751636198708,97.38689960026227,2.0371114542134614,25.50307969609592,18.802713798589522,18.0,6.0,0.0,0.25090381128464984,0.08363460376154994,1.8455575890866027,0.0,0.0
2017,South Dakota,54126,71085,855444,831951,724430,14698,11693,17888.0,13.9,3.7,215415,8081,35581,31830,58546,30157,SD,84.68467836585447,1.7181720837366328,1.3668925142966692,97.2537068469707,2.0910778496313025,25.181660050219534,19.194126091246183,15.0,4.0,0.0,0.4980289673568573,0.1328077246284953,0.8736676568233444,0.0,0.0
2018,South Dakota,56499,73768,864289,841200,730062,16241,12660,18953.0,13.6,3.5,216569,8522,37249,32771,58821,32636,SD,84.46966234673819,1.8791168231922422,1.4647878198148998,97.32855561044974,2.1929007542615953,25.057474988111615,19.669231009535004,20.0,9.0,1.0,0.05083105857992306,0.022873976360965376,0.3998290508680289,0.002541552928996153,0.017139981543667873
2019,South Dakota,58275,76240,870638,847801,733719,17531,12627,19843.0,13.1,3.4,215557,8911,38190,32950,58796,35144,SD,84.2737165159343,2.01358084531114,1.4503157454648201,97.37698101851745,2.2791332333300405,24.75851042568783,19.98431035631342,20.0,6.0,0.0,0.3518075697027543,0.10554227091082628,2.54569522936714,0.0,0.0
2020,South Dakota,59896,77932,879336,849316,735228,18836,12413,21724.0,12.8,3.5,216402,9793,39017,33993,59801,37180,SD,83.6117252108409,2.14207083526661,1.411633323325782,96.58606039102231,2.4705004685353495,24.609705505062912,20.445427004012117,17.0,6.0,1.0,0.4761172581583392,0.168041385232355,1.5700189187279705,0.028006897538725838,0.6125124033761684
2016,Tennessee,46574,65368,6548009,6414799,5096733,1100577,105368,198620.0,17.2,7.5,1584716,57743,257011,243048,427610,194747,TN,77.83637743931018,16.80781135151158,1.6091608915015239,97.96564115901491,3.033288439279787,24.201493919754842,18.023173150800496,148.0,46.0,0.0,15.294327974462608,4.753642478549188,21.617049272774267,0.0,0.0
2017,Tennessee,48708,68386,6597381,6459880,5131786,1107392,110605,205694.0,16.7,6.6,1577392,58510,269946,248930,437127,210770,TN,77.78519991493594,16.785327389762696,1.6764985984589944,97.91582447640965,3.117812962446765,23.909366459205554,18.572263751327988,135.0,58.0,2.0,19.231481507862114,8.262414277451871,18.20287417106308,0.28491083715351284,6.953619358876295
2018,Tennessee,50972,71458,6651089,6508955,5166231,1117489,112915,208634.0,16.1,5.9,1574474,60610,278448,254339,448165,225099,TN,77.67496420510987,16.801594445661454,1.697691911805721,97.86299657093748,3.1368396964767724,23.672424169936683,19.044415132619637,156.0,31.0,15.0,0.7352620954856603,0.146109775384971,0.9168719523250245,0.07069827841208273,2.539497653504168
2019,Tennessee,53320,74750,6709356,6561820,5205132,1124473,117600,209885.0,15.2,5.3,1568653,62712,291314,261727,461941,239163,TN,77.5802029285672,16.75977545385876,1.7527762724172038,97.80104081524367,3.1282436049003812,23.38008297666721,19.627174351755965,112.0,43.0,15.0,1.0649851058980302,0.4088782103001366,1.295241583640677,0.14263193382562905,3.451425783991367
2020,Tennessee,54833,76937,6772268,6573280,5196680,1128806,122897,206824.0,14.6,5.3,1560968,65409,304217,274045,477741,252969,TN,76.7347068958287,16.66806452432184,1.814709636417224,97.06172289696745,3.053984278235888,23.049412693059402,20.294250020820204,130.0,59.0,7.0,9.154452514446431,4.154713064248765,220.8331773776996,0.4929320584701924,1.30958862079739
2016,Texas,54727,77585,26956435,26283035,20174403,3221133,1175423,2904541.0,16.7,6.4,7488362,222735,1135128,1105762,1801352,758435,TX,74.84076807634243,11.94940280493322,4.360454192106634,97.50189518754983,10.774944832282161,27.77949680660666,18.635298028096077,179.0,57.0,1.0,10.203110295622295,3.249035122069669,494.1054091539529,0.05700061617666087,4.08146606260969
2017,Texas,57051,80879,27419612,26717611,20459525,3286950,1236852,2955178.0,16.0,5.8,7550309,229967,1194618,1149089,1855054,811634,TX,74.61639136250359,11.987587570531632,4.510829693724331,97.43978507062755,10.77760691872664,27.536162802011933,19.111729225052493,180.0,89.0,3.0,1.4155212216514352,0.6998966040387651,4.953636191599968,0.023592020360857252,0.4227930554831327
2018,Texas,59570,84221,27885195,27154696,20720689,3365783,1308257,2998348.0,15.5,5.4,7626437,238495,1244870,1200387,1903916,870296,TX,74.30713322965825,12.070143314400347,4.691582755652238,97.38033390119739,10.752472772738365,27.349412474971036,19.57298128989236,401.0,103.0,23.0,5.987851381230072,1.5380266640067266,16.2994542056548,0.34344284730247293,14.49229702907911
2019,Texas,61874,87260,28260856,27499445,20903375,3428211,1357273,3006911.0,14.7,5.1,7681758,247477,1295790,1245260,1955931,923695,TX,73.96582396513396,12.130598591918092,4.802660612969402,97.30577516831053,10.639844030202058,27.181618277946008,20.056551011759872,402.0,147.0,6.0,12.761860196678677,4.666650370427278,125.60345195881575,0.19047552532356235,7.566585956416465
2020,Texas,63826,89506,28635442,26637358,19805623,3464424,1415664,2935368.0,14.2,5.3,7719304,272345,1353535,1308154,2018597,981892,TX,69.16471902197284,12.098377947160726,4.943747681631735,93.02233923960385,10.250821342307201,26.957167275434408,20.72439810777148,547.0,265.0,27.0,18.780348545415656,9.098340702989303,159.79546180888462,0.9270007508706082,31.001343391546968
2016,Utah,62518,79414,2948427,2870617,2572595,32512,66039,154406.0,11.7,5.1,951611,22528,138825,131229,180523,90144,UT,87.25313531588199,1.1026896714756715,2.239804478794964,97.36096569458901,5.236894113369604,32.275209798309405,19.103372747570145,66.0,25.0,0.0,1.4791732407699592,0.5602928942310451,6.920798383301498,0.0,0.0
2017,Utah,65325,83147,2993941,2910658,2600077,33619,67545,153811.0,11.0,4.4,958707,22735,143569,140010,187723,95849,UT,86.84463053881156,1.1229012194963095,2.256056482074964,97.2182818565897,5.137409187422197,32.02157290340725,19.702659471245425,47.0,12.0,1.0,1.0075856190520291,0.2572559027366883,0.7996625424071042,0.021437991894724024,1.235635734585444
2018,Utah,68374,87053,3045350,2955471,2632056,35862,69810,157442.0,10.3,3.9,972456,23666,147700,148981,194594,101385,UT,86.42868635788989,1.1775986339829576,2.2923473492373616,97.04864793866058,5.169914788119592,31.932487234636415,20.238264895660595,44.0,15.0,2.0,3.281561725057334,1.118714224451364,80.49369466058492,0.14916189659351517,13.097576948264571
2019,Utah,71621,91292,3096848,3002812,2676482,36849,71977,158120.0,9.8,3.6,984917,24419,154816,157511,201392,106786,UT,86.42600476355314,1.1898872660201598,2.324201898188093,96.96349320341199,5.105836644226646,31.80385346649238,20.82517450000775,34.0,20.0,1.0,0.5631354320838793,0.331256136519929,1.109183596505628,0.01656280682599645,0.2601260570872645
2020,Utah,74197,94452,3151239,3017588,2682881,38059,73190,154835.0,9.1,3.6,992124,24981,161253,164557,205682,116578,UT,85.13733804386148,1.2077471750000557,2.3225785159424595,95.75877932457678,4.913464196146341,31.483616444198613,21.358297482355354,52.0,28.0,3.0,0.7565834032081755,0.40739106326594066,5.454166496223963,0.04364904249277936,0.6437160439786801
2016,Vermont,56104,73016,626249,614080,592965,7404,9212,12337.0,11.6,5.0,149328,8230,28039,28977,65916,35293,VT,94.68518113402176,1.1822773369697996,1.4709803927830623,98.05684320454004,1.969983185601893,23.84482849473612,26.579683161170713,25.0,5.0,1.0,0.25065403156456145,0.050130806312912286,0.36760678425672483,0.010026161262582456,0.31561273055509964
2017,Vermont,57808,75621,624636,612575,590499,7921,9680,12712.0,11.4,4.4,146742,8365,28595,28943,65688,37916,VT,94.53489712408508,1.2680985405900398,1.5497025467632348,98.06911545283974,2.0351052452948597,23.492401974910187,27.136924544854924,31.0,7.0,1.0,0.5535550196190613,0.12499629475269125,1.9454333730757578,0.017856613536098753,0.3633166449887735
2018,Vermont,60076,78472,624977,612899,589546,8058,10579,13289.0,11.2,4.1,146071,8476,29452,29292,65597,39765,VT,94.33083137459458,1.2893274472500589,1.692702291444325,98.06744888211885,2.1263182485115455,23.372220097699596,27.61413620021217,43.0,14.0,0.0,1.4420650371331747,0.4695095469735918,1.2460560102176592,0.0,0.0
2019,Vermont,61973,81233,624313,611713,587883,8502,10461,13331.0,10.9,3.6,145649,8640,30202,29776,65276,42229,VT,94.16478593269723,1.3618169091465337,1.675601821522217,97.98178157430648,2.135307129596853,23.329483768558397,28.210689189557158,34.0,14.0,0.0,0.5551781795380918,0.2286027798098025,2.0056071044333943,0.0,0.0
2020,Vermont,63477,83767,624340,607205,584360,7964,10126,12665.0,10.8,3.8,142422,8149,32583,31692,65843,45210,VT,93.5964378383573,1.275587019893007,1.6218726975686326,97.25550180991127,2.0285421405003685,22.81160905916648,29.387353044815324,77.0,25.0,2.0,7.252485389067584,2.3547030483985663,422.3686433519175,0.1883762438718853,23.084025854108955
2016,Virginia,66149,90881,8310301,8030602,5712958,1596352,502878,494020.0,11.4,5.9,2155541,100173,462076,461891,817695,331979,VA,68.74550031340621,19.209316244983185,6.051260959139747,96.63430963571597,5.944670355502165,25.938182022528427,26.158065754778313,127.0,37.0,8.0,6.601428611527238,1.9232508553268333,40.26290589361887,0.41583802277336934,16.68613382279326
2017,Virginia,68766,94229,8365952,8074008,5720209,1605447,520119,496678.0,11.2,5.5,2146448,102882,470698,471040,833999,357760,VA,68.37487233969308,19.190248760690952,6.217092806652488,96.51033140041922,5.936897558102174,25.656948545724383,26.731912877339003,216.0,63.0,5.0,7.128051820936738,2.079015114439882,22.283373773530183,0.1650011995587208,1.98165777562878
2018,Virginia,71564,98000,8413774,8104561,5722660,1613285,531503,502400.0,10.9,5.0,2136022,104593,478170,480911,845944,381838,VA,68.01537573982853,19.174332469590937,6.31705819528787,96.32491911477537,5.971161098455937,25.387204362750886,27.234579868677244,150.0,52.0,2.0,11.068117623099605,3.83694744267453,247.08956996911382,0.14757490164132805,5.467319100079276
2019,Virginia,74222,101746,8454463,8134188,5717617,1621592,541133,501148.0,10.6,4.6,2126976,106143,485895,488245,859053,407167,VA,67.62838751556427,19.18030748966552,6.400560272130826,96.21176412978565,5.927614799426054,25.158026003543927,27.754607241169545,169.0,38.0,5.0,1.9019926805919543,0.4276669932691968,3.1941335534483613,0.05627197279857852,0.5828368534736493
2020,Virginia,76398,106023,8509358,8103572,5643436,1620649,570398,495416.0,10.0,4.6,2110795,111937,499935,502708,867004,434843,VA,66.32034990183749,19.045490858417285,6.703184893619471,95.23129712018228,5.822013834651216,24.805572876355654,28.39728919620023,187.0,65.0,9.0,8.917411890486552,3.099635149099604,149.50777440426901,0.4291802514137913,26.710194390859176
2016,Washington,62848,84022,7073146,6695443,5470566,256990,552032,509042.0,12.7,6.8,1724293,70395,351788,340899,614156,305316,WA,77.34275526053047,3.633319600641638,7.804617634076831,94.66004236304467,7.1968258537290195,24.378020756251885,23.78791558947037,392.0,132.0,11.0,2.0087267905583075,0.6764080009022873,4.396481349426676,0.05636733340852394,0.6570239443417097
2017,Washington,66174,88563,7169967,6775234,5500837,261743,578822,521887.0,12.2,6.0,1726179,71818,376740,356436,628621,325551,WA,76.7205344180803,3.6505467877327744,8.072868396744365,94.49463295995643,7.278792217593192,24.075131726547696,24.535203579040182,507.0,220.0,9.0,4.881464655066753,2.118189791153226,9.92098387298976,0.08665321872899562,2.913017303322782
2018,Washington,70116,93847,7294336,6877541,5545997,269854,607429,536793.0,11.5,5.3,1741942,74748,403185,373577,638645,347854,WA,76.03155379735729,3.699500543983716,8.327406360222508,94.2860460499763,7.359038574587188,23.88074802147858,25.197756176847353,511.0,158.0,12.0,67.20200317203977,20.778701567871394,659.4599106807462,1.5781292330028907,100.17530678687703
2019,Washington,73775,98983,7404107,6970721,5581128,281683,631333,553179.0,10.8,5.0,1750198,76299,427736,388516,650056,371304,WA,75.37881340720764,3.804415576382135,8.52679465599295,94.14668102446385,7.471245350722241,23.638205120482457,25.84931579189766,502.0,203.0,31.0,4.299684589870474,1.7387170751866659,14.07127830285134,0.2655183710876189,11.54446294041195
2020,Washington,77006,103669,7512465,6980489,5523881,290245,662902,567057.0,10.2,4.9,1753707,80776,451242,405825,657059,393112,WA,73.52954057023892,3.8635121760966604,8.824027799131178,92.91875569470207,7.548214866891227,23.343962334599894,26.46287204000285,437.0,172.0,19.0,11.065134394539648,4.355155871535056,59.75209827135791,0.48109279976259334,21.83079981156573
2016,West Virginia,42644,57779,1846092,1812366,1725411,63305,13990,14239.0,17.7,7.5,405213,13118,54395,51826,99133,48352,WV,93.46289350693249,3.4291357093795973,0.7578170535379603,98.17311379931228,0.7713050053843471,21.94977281738938,14.453450857270386,41.0,13.0,6.0,0.9817194265034555,0.3112768913303639,16.431361148678537,0.14366625753709106,3.194871166820198
2017,West Virginia,44061,59634,1836843,1805043,1714591,65300,14096,14628.0,17.8,7.2,398364,12692,54756,51779,98988,51898,WV,93.34445023336235,3.555012594979538,0.7674036376543885,98.26876875160261,0.7963663742627975,21.68742783133888,14.70528510057746,38.0,19.0,3.0,0.29699368145942695,0.14849684072971348,1.3384221552541524,0.023446869588902127,0.6676755986824534
2018,West Virginia,44921,61225,1829054,1796915,1704345,66728,14534,14627.0,17.8,6.7,393995,13167,55295,51837,99196,55422,WV,93.1817759344448,3.6482247106974426,0.7946184202325355,98.24286215715884,0.7997030158759666,21.540916779931045,15.030556779624876,85.0,55.0,0.0,8.035560664701578,5.199480430101021,79.4843632579918,0.0,0.0
2019,West Virginia,46711,63680,1817305,1785170,1691600,66990,14523,14631.0,17.6,6.5,387707,13634,54775,52911,98502,59210,WV,93.08288922332795,3.6862276833002716,0.7991503902757104,98.23172224805413,0.8050932562228134,21.33417340512462,15.354164545852237,54.0,27.0,2.0,1.0605876401866086,0.5302938200933043,2.005109315589354,0.03928102371061513,2.393117394373781
2020,West Virginia,48037,65332,1807426,1763666,1672255,64285,14228,14596.0,17.1,6.5,378326,14131,55167,55997,98802,63459,WV,92.52135357132187,3.556715461656521,0.7871968202294313,97.57887736482711,0.8075572665215617,20.931755988903557,15.909696994510425,82.0,45.0,1.0,9.32521811912625,5.117497748300991,238.90422595030793,0.11372217218446647,8.05607024893257
2016,Wisconsin,54610,71459,5754798,5628875,4961193,361730,148077,155467.0,12.7,5.5,1462332,59361,245009,232688,435829,190556,WI,86.20968103485127,6.285711505425559,2.57310508553037,97.81186064219804,2.701519671064041,25.410657333237413,20.21692160176604,39.0,15.0,2.0,0.5758779776582971,0.2214915298685758,1.32883772765205,0.02953220398247677,1.6273790247117506
2017,Wisconsin,56759,74372,5763217,5632126,4950577,365884,152325,155747.0,12.3,4.7,1442264,60997,252513,237016,439879,205073,WI,85.89954187045187,6.348607036660255,2.643055085380266,97.72538497162262,2.7024316453813904,25.025328735669678,20.74324114465931,42.0,7.0,0.0,0.14667138715721587,0.024445231192869312,0.2020537901827259,0.0,0.0
2018,Wisconsin,59209,77687,5778394,5642404,4945966,368744,159356,156733.0,11.9,4.0,1425678,62942,257639,241287,443582,217982,WI,85.59412874926839,6.381427088564746,2.757790486422352,97.64657792459289,2.7123972508624368,24.672564729923227,21.1725264840023,48.0,31.0,1.0,1.5232103943877313,0.9837400463754098,81.45248167319163,0.031733549883077736,1.3663068725235687
2019,Wisconsin,61747,80674,5790716,5652144,4946961,371200,161841,157612.0,11.3,3.6,1411273,64325,263030,249828,447369,231102,WI,85.42917663377033,6.410260838210681,2.7948357336122163,97.60699713127012,2.7218050410346493,24.37130399764036,21.683916116763456,49.0,28.0,1.0,7.8482877919082545,4.484735881090431,351.5821195379206,0.16016913861037255,9.875567845151096
2020,Wisconsin,63293,82757,5806975,5612411,4895065,367889,163396,153679.0,11.0,3.6,1393087,66641,269169,257626,453528,246224,WI,84.29629884750666,6.335295054654101,2.813788590445111,96.64947756792478,2.646455340345016,23.989891466727514,22.26956375737798,156.0,85.0,13.0,1.8332757888432947,0.9989002695620515,5.244812417741287,0.1527729824036079,2.2791103755623268
2016,Wyoming,59143,74667,583029,567498,531851,6435,5385,12683.0,11.6,4.9,149521,3548,21907,19097,39777,19893,WY,91.22204898898683,1.1037186829471606,0.9236247253567146,97.33615309015504,2.1753634896377365,25.645551078934325,17.8759547123728,3.0,2.0,1.0,0.03993363030643071,0.02662242020428714,0.6890730245137728,0.01331121010214357,0.150851860455995
2017,Wyoming,60938,76731,583200,567883,532394,6121,5102,12807.0,11.1,4.7,147269,3682,22664,19885,39631,21774,WY,91.28840877914952,1.049554183813443,0.8748285322359396,97.37362825788752,2.1959876543209877,25.25188614540466,18.45610425240055,4.0,2.0,0.0,0.22130919882750386,0.11065459941375193,3.111145679396438,0.0,0.0
2018,Wyoming,62268,79257,581836,566257,532008,5540,4756,12581.0,11.1,4.5,145568,3706,21721,20843,39281,22832,WY,91.43607477021017,0.9521583401508329,0.8174124667432061,97.32244137523288,2.162293154772135,25.01873380127734,18.62775764992197,0.0,0.0,0.0,0.0,0.0,0.0,0.0,0.0
2019,Wyoming,64049,81880,581024,565503,531304,5582,5025,12076.0,11.0,4.5,144936,3929,21333,22227,38501,24794,WY,91.44269427768904,0.9607176295643554,0.8648523985239853,97.32868177562372,2.078399515338437,24.944924822382553,19.067026491160437,5.0,4.0,0.0,0.8600700441043918,0.6880560352835134,78.75566056310298,0.0,0.0
2020,Wyoming,65304,83583,581348,558630,525246,5079,4892,11739.0,10.8,4.4,145076,4334,21190,23173,39264,27072,WY,90.34967007713108,0.8736591508012412,0.8414925311517369,96.09218574760729,2.0192724495482914,24.95510434369775,19.787287476692104,18.0,10.0,0.0,0.5528863431544377,0.3071590795302432,2.7180855979516507,0.0,0.0
