year,STATE,MEDIAN_INCOME,MEAN_INCOME,POP,ONE_RACE_POP,WHITE,BLACK,ASIAN,FOREIGN_BORN_NON_US,POVERTY_PERCENT,UNEMPLOYMENT_RATE,SCHOOL_ENROLLMENT,Total!!Estimate!!Population 18 to 24 years!!Bachelor's degree or higher,Total!!Estimate!!Population 25 to 34 years!!Bachelor's degree or higher,Total!!Estimate!!Population 35 to 44 years!!Bachelor's degree or higher,Total!!Estimate!!Population 45 to 64 years!!Bachelor's degree or higher,Total!!Estimate!!Population 65 years and over!!Bachelor's degree or higher
2016,Alabama,44758,62061,4841164,4755752,3325037,1282053,60744,106663,18.4,8.3,1193757,34870,162233,164639,307251,148953
2016,Alaska,74444,92191,736855,674515,483518,24443,44218,24109,10.1,7.8,192109,5011,30827,28230,56112,20356
2016,Arizona,51340,70432,6728577,6505998,5235158,287110,205229,536203,17.7,8,1750958,49428,238257,247374,460079,295715
2016,Arkansas,42336,58850,2968472,2902393,2307136,460638,41539,94459,18.8,6.9,745905,21085,91457,91478,158741,82770
2016,California,63783,91149,38654206,36867047,23680584,2261835,5354608,5298355,15.8,8.7,10551711,377702,1916280,1766149,3024682,1469376
2016,Colorado,62520,84384,5359295,5175560,4517058,219349,157523,317762,12.2,6,1394890,58276,309473,306991,536107,237159
2016,Connecticut,71755,102616,3588570,3481582,2768080,372696,152782,254629,10.4,8,932279,49505,183834,188916,398099,167470
2016,Delaware,61017,80432,934695,908864,647002,203027,34428,43979,12,7.1,232558,9353,41065,38512,76156,39588
2016,District of Columbia,72935,110614,659009,640764,266035,318598,24036,53982,17.9,8.7,164694,18885,104155,56171,65925,30065
2016,Florida,48900,69936,19934451,19439083,15130748,3216994,521272,1832945,16.1,8.4,4682150,148085,715813,739405,1484377,990201
2016,Georgia,51037,71420,10099320,9876863,6039389,3148134,373983,591724,17.8,8.5,2766817,84277,419391,457606,767746,293347
2016,Hawaii,71977,91169,1413673,1077044,353643,25871,537363,109721,10.8,5.5,333842,11365,62300,61274,118642,62985
2016,Idaho,49174,64513,1635483,1593433,1493155,10433,21630,61286,15.2,6.2,445695,9825,54254,60560,103653,56517
2016,Illinois,59196,81865,12851684,12551462,9270907,1837612,655799,923516,14,8.2,3384628,159240,713464,627162,1071268,422975
2016,Indiana,50433,66480,6589578,6443262,5534759,608226,130232,203764,15,6.9,1717877,61134,247305,234101,412763,173893
2016,Iowa,54570,70708,3106589,3045295,2823890,103052,66570,94491,12.3,4.5,810892,33203,131847,122454,208561,96569
2016,Kansas,53571,71975,2898292,2802262,2468923,167706,77605,126903,13.3,5.3,789812,29064,132354,123257,233051,105139
2016,Kentucky,44811,61757,4411989,4319152,3859516,350242,57084,97069,18.8,7.6,1085773,34137,152341,150734,257798,113292
2016,Louisiana,45652,65229,4645670,4560511,2909290,1494201,78719,109960,19.7,7.7,1176907,34572,173340,145928,259639,124968
2016,Maine,50826,67011,1329923,1302797,1260476,16303,14643,21540,13.5,6,296853,11291,48693,49872,115638,66367
2016,Maryland,76067,100071,5959902,5773749,3408240,1765926,362259,442757,9.9,6.7,1564161,73573,336697,333297,625140,261577
2016,Massachusetts,70954,97295,6742143,6539129,5343665,489233,411736,507234,11.4,6.8,1748398,117220,463991,394779,744370,313666
2016,Michigan,50803,68928,9909600,9637802,7817827,1376446,276769,307623,16.3,8.5,2562133,94025,376457,383188,732576,339577
2016,Minnesota,63217,83100,5450868,5302366,4597525,310853,246819,216058,10.8,4.8,1400964,63416,293631,269974,488068,202264
2016,Mississippi,40528,56358,2989192,2953825,1764038,1121327,28562,42432,22.3,9.6,802804,17614,88825,86810,153167,81089
2016,Missouri,49593,67210,6059651,5911610,5000875,701896,107953,129624,15.3,6.6,1529503,57310,262477,239470,430579,193139
2016,Montana,48380,65401,1023391,996869,911907,4260,7481,9588,14.9,5.6,236199,6622,40430,40030,81291,47321
2016,Nebraska,54384,71166,1881259,1837606,1655708,88388,39794,81949,12.4,4.2,508455,20336,90411,79888,138015,58469
2016,Nevada,53094,70855,2839172,2710136,1933057,243552,222612,292032,14.9,9.3,689934,13276,90720,89643,169439,95759
2016,New Hampshire,68485,87900,1327503,1302597,1243594,17483,32094,36090,8.5,5.1,316403,16343,59658,64225,142403,64390
2016,New Jersey,73702,101634,8915456,8689743,6075710,1207221,819208,896241,10.9,7.9,2267652,115660,495897,505252,927889,361003
2016,New Mexico,45674,63057,2082669,2014872,1530636,41957,29168,128420,20.9,8.5,557777,10810,62385,63091,148406,92356
2016,New York,60741,89397,19697457,19121017,12667413,3073278,1599216,2020397,15.5,7.5,4926760,299248,1234661,986370,1711598,758817
2016,North Carolina,48256,67367,9940828,9697458,6882915,2137131,254550,495714,16.8,8.3,2533803,92048,411722,437864,750498,340351
2016,North Dakota,59114,78828,736162,718183,649730,14761,9296,14691,11.2,2.8,181491,10445,37042,28471,49113,19928
2016,Ohio,50674,68341,11586941,11288764,9519506,1421943,224520,238914,15.4,7.2,2922228,106052,473148,444524,819523,355680
2016,Oklahoma,48038,65458,3875589,3575825,2823497,281295,77541,149627,16.5,6,999903,29005,138368,125423,235994,120330
2016,Oregon,53270,72013,3982267,3806726,3387825,74012,160155,228675,15.7,8.1,960816,31669,178734,187370,318544,181725
2016,Pennsylvania,54895,75235,12783977,12498209,10402743,1410563,401979,393307,13.3,7.2,3031943,145046,613373,535617,1005325,441635
2016,Rhode Island,58387,79024,1054491,1024433,854026,68886,34598,67927,13.8,7.7,266870,14782,51081,45272,95159,43716
2016,South Carolina,46898,64115,4834605,4734523,3252252,1322368,68553,139895,17.2,8.4,1202103,41025,175939,175571,333646,179901
2016,South Dakota,52078,68419,851058,828819,721410,14078,11351,17337,14,4.1,217046,7237,34749,31279,58326,28431
2016,Tennessee,46574,65368,6548009,6414799,5096733,1100577,105368,198620,17.2,7.5,1584716,57743,257011,243048,427610,194747
2016,Texas,54727,77585,26956435,26283035,20174403,3221133,1175423,2904541,16.7,6.4,7488362,222735,1135128,1105762,1801352,758435
2016,Utah,62518,79414,2948427,2870617,2572595,32512,66039,154406,11.7,5.1,951611,22528,138825,131229,180523,90144
2016,Vermont,56104,73016,626249,614080,592965,7404,9212,12337,11.6,5,149328,8230,28039,28977,65916,35293
2016,Virginia,66149,90881,8310301,8030602,5712958,1596352,502878,494020,11.4,5.9,2155541,100173,462076,461891,817695,331979
2016,Washington,62848,84022,7073146,6695443,5470566,256990,552032,509042,12.7,6.8,1724293,70395,351788,340899,614156,305316
2016,West Virginia,42644,57779,1846092,1812366,1725411,63305,13990,14239,17.7,7.5,405213,13118,54395,51826,99133,48352
2016,Wisconsin,54610,71459,5754798,5628875,4961193,361730,148077,155467,12.7,5.5,1462332,59361,245009,232688,435829,190556
2016,Wyoming,59143,74667,583029,567498,531851,6435,5385,12683,11.6,4.9,149521,3548,21907,19097,39777,19893
2016,Puerto Rico,19606,30962,3529385,3264621,2448085,320087,9574,null,45.1,17.7,906392,26064,130078,140817,232475,87480
2017,Alabama,46472,64476,4850771,4761937,3317702,1287167,62815,106217,18,7.4,1188682,34144,163183,166115,315820,158460
2017,Alaska,76114,94469,738565,675852,481971,23702,45604,24207,10.2,7.7,189481,4989,31238,28790,55171,22622
2017,Arizona,53510,73735,6809946,6572038,5277661,292831,213417,536708,17,7.1,1751835,50643,251123,251804,469818,311912
2017,Arkansas,43813,61330,2977944,2906122,2302141,459969,42368,96397,18.1,6.3,741993,21915,95778,92932,160419,88299
2017,California,67169,96104,38982847,37148133,23607242,2263222,5503672,5250604,15.1,7.7,10518223,384834,2009177,1815110,3074723,1554721
2017,Colorado,65458,88388,5436519,5247610,4576201,221155,164771,320192,11.5,5.2,1390638,59652,326654,317556,547357,254906
2017,Connecticut,73781,105998,3594478,3483824,2757064,376240,156450,254388,10.1,7.2,919823,52301,187454,187564,399623,178558
2017,Delaware,63036,84146,943732,917472,652170,206290,36553,45639,12.1,6.4,232461,9086,41824,38933,78503,42509
2017,District of Columbia,77649,116090,672391,653098,273471,321062,25558,55262,17.4,8,166054,16663,111257,58958,67129,33079
2017,Florida,50883,72993,20278447,19763624,15343997,3270863,543394,1871063,15.5,7.2,4707573,154508,749399,766303,1525467,1054689
2017,Georgia,52977,74763,10201635,9964394,6061821,3195268,388946,596894,16.9,7.5,2756619,87541,433498,463280,789413,317340
2017,Hawaii,74923,95569,1421658,1083160,357308,25884,540556,108079,10.3,4.9,330239,11059,63832,63756,118878,68884
2017,Idaho,50985,67338,1657375,1613461,1507880,11231,22720,60680,14.5,5.4,445420,10510,55741,63541,105865,59994
2017,Illinois,61229,85262,12854526,12543129,9236701,1833501,671811,913882,13.5,7.4,3333318,160396,724287,631513,1083206,459578
2017,Indiana,52182,69197,6614418,6460980,5546787,613060,137680,206958,14.6,6.1,1697392,63476,255136,239441,423521,188210
2017,Iowa,56570,73510,3118102,3055368,2824197,106762,71178,97268,12,4.1,807407,34342,133953,125366,210744,102362
2017,Kansas,55477,74633,2903820,2805405,2465518,168470,80738,127777,12.8,4.8,783160,30944,133846,127575,235745,113180
2017,Kentucky,46535,64436,4424376,4328073,3862600,353088,59593,99437,18.3,6.8,1074127,35211,156290,153412,261035,121831
2017,Louisiana,46710,66861,4663461,4575938,2909599,1500648,80980,114487,19.6,7.2,1167557,34315,177466,150792,261387,133807
2017,Maine,53024,70210,1330158,1302056,1258918,16906,14804,20960,12.9,5.3,293384,11326,51326,52085,116515,71101
2017,Maryland,78916,103845,5996079,5806478,3395212,1782256,373065,443489,9.7,6.1,1555036,73818,343799,338651,636637,277910
2017,Massachusetts,74167,101858,6789319,6579796,5358373,499774,426225,519292,11.1,6,1737576,121530,482186,400250,759516,338909
2017,Michigan,52668,72091,9925568,9646666,7813199,1374515,289082,316459,15.6,7.4,2522019,98688,391382,386222,745299,364138
2017,Minnesota,65699,86796,5490726,5336282,4598252,326953,255935,222887,10.5,4.3,1396256,65556,300730,275167,493490,216363
2017,Mississippi,42009,58371,2986220,2948291,1755471,1122576,28859,42470,21.5,8.8,789622,18568,88496,88023,155687,85112
2017,Missouri,51542,70144,6075300,5923910,5004537,703061,112959,131041,14.6,5.8,1514505,58951,268173,244647,436101,206788
2017,Montana,50801,68622,1029862,1001478,916664,4438,7448,10396,14.4,4.8,236695,7419,41136,42016,82279,50877
2017,Nebraska,56675,74309,1893921,1848350,1663612,89718,42208,82920,12,3.8,506803,20580,92822,81933,138554,64143
2017,Nevada,55434,73862,2887725,2753390,1936453,253013,232502,293386,14.2,8,693218,13242,94261,92756,175755,103349
2017,New Hampshire,71305,91605,1331848,1305658,1244260,18632,33313,36404,8.1,4.5,312824,17040,61790,64509,143317,68942
2017,New Jersey,76475,105917,8960161,8731100,6085474,1207356,844105,897450,10.7,7,2257674,121440,506949,512853,942085,385949
2017,New Mexico,46718,64625,2084828,2016546,1547843,42187,29991,126377,20.6,7.7,549233,11202,64361,62611,147127,97195
2017,New York,62765,93443,19798228,19208202,12638791,3100685,1652846,2006012,15.1,6.8,4869327,303403,1273580,1000255,1733437,813541
2017,North Carolina,50320,70523,10052564,9801368,6937466,2159427,269164,498309,16.1,7.2,2526271,94215,429889,450954,778651,366222
2017,North Dakota,61285,81334,745475,728034,654024,17365,10197,16295,11,2.7,181666,11217,38869,30091,49701,21609
2017,Ohio,52407,71119,11609756,11296984,9503779,1428230,235878,247920,14.9,6.5,2880662,108924,485411,452424,828510,382282
2017,Oklahoma,49767,67682,3896251,3594160,2828569,283821,80670,150488,16.2,5.7,1002485,28833,141465,128081,236701,128117
2017,Oregon,56119,75851,4025127,3840963,3416776,76347,166351,229637,14.9,6.8,953282,32415,189617,195328,323879,194103
2017,Pennsylvania,56951,78192,12790505,12493185,10378174,1417611,417525,403153,13.1,6.5,2997324,147934,628810,547132,1022574,474703
2017,Rhode Island,61043,82407,1056138,1024842,854801,68346,35556,67344,13.4,6.8,263952,14544,53460,45345,95402,46189
2017,South Carolina,48781,66759,4893444,4789037,3292598,1332110,71994,141907,16.6,7.2,1200892,42001,182184,179636,340171,196090
2017,South Dakota,54126,71085,855444,831951,724430,14698,11693,17888,13.9,3.7,215415,8081,35581,31830,58546,30157
2017,Tennessee,48708,68386,6597381,6459880,5131786,1107392,110605,205694,16.7,6.6,1577392,58510,269946,248930,437127,210770
2017,Texas,57051,80879,27419612,26717611,20459525,3286950,1236852,2955178,16,5.8,7550309,229967,1194618,1149089,1855054,811634
2017,Utah,65325,83147,2993941,2910658,2600077,33619,67545,153811,11,4.4,958707,22735,143569,140010,187723,95849
2017,Vermont,57808,75621,624636,612575,590499,7921,9680,12712,11.4,4.4,146742,8365,28595,28943,65688,37916
2017,Virginia,68766,94229,8365952,8074008,5720209,1605447,520119,496678,11.2,5.5,2146448,102882,470698,471040,833999,357760
2017,Washington,66174,88563,7169967,6775234,5500837,261743,578822,521887,12.2,6,1726179,71818,376740,356436,628621,325551
2017,West Virginia,44061,59634,1836843,1805043,1714591,65300,14096,14628,17.8,7.2,398364,12692,54756,51779,98988,51898
2017,Wisconsin,56759,74372,5763217,5632126,4950577,365884,152325,155747,12.3,4.7,1442264,60997,252513,237016,439879,205073
2017,Wyoming,60938,76731,583200,567883,532394,6121,5102,12807,11.1,4.7,147269,3682,22664,19885,39631,21774
2017,Puerto Rico,19775,31672,3468963,3258944,2389446,338939,7789,null,44.9,17.5,872371,26581,129759,136709,236198,93103
2018,Alabama,48486,67243,4864680,4773061,3317453,1293186,64609,105024,17.5,6.6,1182234,34045,167325,169324,318617,167329
2018,Alaska,76715,96499,738516,676055,478834,24129,46556,24617,10.8,7.4,187142,5079,31013,29121,55226,24285
2018,Arizona,56213,77221,6946685,6693802,5364141,305259,228887,538326,16.1,6.5,1764220,52374,263478,259548,482104,332941
2018,Arkansas,45726,64272,2990671,2914819,2302874,460970,43988,96818,17.6,5.5,737199,22634,98455,94527,163828,94811
2018,California,71228,101493,39148760,37266533,23529068,2267875,5604339,5184310,14.3,6.7,10468812,398121,2093454,1864574,3119659,1641050
2018,Colorado,68811,92520,5531141,5333813,4655584,227938,172695,318943,10.9,4.7,1396806,63500,345567,327315,557686,274324
2018,Connecticut,76106,109693,3581504,3468074,2734880,378262,158817,250818,10,6.5,906545,54555,190133,188343,398377,188374
2018,Delaware,65627,86962,949495,923486,654905,209892,36723,45905,11.9,5.9,230566,8154,42110,38401,80117,46604
2018,District of Columbia,82604,121698,684498,664355,280469,321317,26718,55988,16.8,7.4,168529,17245,114415,62463,68567,34904
2018,Florida,53267,76652,20598139,20055799,15529098,3316376,559168,1897939,14.8,6.3,4737877,160380,792325,796106,1568556,1126470
2018,Georgia,55679,78574,10297484,10045036,6079976,3239300,402501,591482,16,6.4,2755788,91307,450016,471616,818279,340205
2018,Hawaii,78084,99765,1422029,1080273,355612,26266,536842,109216,9.9,4.5,327620,10899,63529,65477,118226,73764
2018,Idaho,53089,70620,1687809,1641217,1527262,11536,23758,61275,13.8,4.7,449479,10220,57089,65617,106655,63908
2018,Illinois,63575,88857,12821497,12503084,9189185,1824125,690822,898381,13.1,6.6,3281552,163338,737351,641424,1091954,487062
2018,Indiana,54325,71912,6637426,6475131,5548277,619472,144991,207242,14.1,5.4,1680206,65499,262779,246357,429061,201711
2018,Iowa,58580,75951,3132499,3066729,2827889,109911,75083,100396,11.7,3.9,802285,35615,136597,129868,211272,109280
2018,Kansas,57422,77509,2908776,2807732,2460619,169801,83531,126705,12.4,4.4,778732,31921,136697,129717,236383,120279
2018,Kentucky,48392,67110,4440204,4340378,3866676,354112,62802,102677,17.9,6.1,1066088,36188,160057,156158,263220,130168
2018,Louisiana,47942,68823,4663616,4572053,2901106,1502916,79872,114528,19.4,6.9,1160552,33977,178675,153950,262856,142112
2018,Maine,55425,73210,1332813,1303605,1259217,17881,14917,21424,12.5,4.6,287204,11978,53555,53324,116610,75790
2018,Maryland,81868,107482,6003435,5804066,3373181,1788090,374277,440537,9.4,5.6,1544732,74467,348722,342708,643673,295462
2018,Massachusetts,77378,106627,6830193,6614700,5360006,510558,442574,533281,10.8,5.4,1734143,126537,500323,407217,769039,361123
2018,Michigan,54938,75352,9957488,9673770,7818588,1375424,304403,322866,15,6.5,2487658,101593,406910,392184,752925,385033
2018,Minnesota,68411,90600,5527358,5369591,4606044,342186,262359,228113,10.1,3.9,1396590,68715,309817,282225,498516,232224
2018,Mississippi,43567,60640,2988762,2948569,1751193,1125834,28313,43317,20.8,8.2,782219,19136,90045,91337,158678,89117
2018,Missouri,53560,73145,6090062,5934734,5008342,704896,116720,131589,14.2,5.1,1498474,58250,272864,249903,439408,218908
2018,Montana,52559,70959,1041732,1012297,925642,4630,7947,10716,13.7,4.2,237746,8384,42229,43205,83819,53617
2018,Nebraska,59116,77278,1904760,1856160,1666463,90860,44105,83089,11.6,3.5,504889,22624,95637,85499,138829,69251
2018,Nevada,57598,77319,2922849,2782350,1935103,261123,234693,293257,13.7,6.9,695651,13482,97281,97709,178644,111714
2018,New Hampshire,74057,95876,1343622,1315732,1250014,20516,36124,36381,7.9,4,310284,17241,65378,64057,143941,74049
2018,New Jersey,79363,110140,8881845,8650896,6031747,1196764,832403,869722,10.4,6.1,2221322,124705,508127,515805,952454,407670
2018,New Mexico,48059,66565,2092434,2024926,1558886,43006,31513,123123,20,7.2,542173,11841,64976,64115,145622,103483
2018,New York,65323,97424,19618453,19019270,12514949,3068099,1630341,1937820,14.6,6,4769473,302481,1283025,1008078,1741198,855837
2018,North Carolina,52413,73753,10155624,9892323,6994240,2179622,282264,494357,15.4,6.3,2520207,97186,444959,459529,800770,393948
2018,North Dakota,63473,84043,752201,733895,655268,20445,10814,17548,10.9,2.8,183653,11429,40491,31498,49247,23160
2018,Ohio,54533,74109,11641879,11314790,9489832,1438271,249741,253618,14.5,5.8,2848490,110334,498688,460998,839762,406122
2018,Oklahoma,51424,70262,3918137,3615027,2837772,287959,83392,152992,16,5.3,1005467,28757,141468,131774,238109,136719
2018,Oregon,59393,80040,4081943,3888283,3445933,77789,174510,228412,14.1,6,955719,33950,199808,201249,330652,206108
2018,Pennsylvania,59445,81549,12791181,12480301,10341442,1423319,427892,410844,12.8,5.8,2971060,150995,647966,558902,1031703,506746
2018,Rhode Island,63296,85527,1056611,1023902,854502,69254,35663,64579,13.1,6.1,261044,14469,53890,45450,95713,48911
2018,South Carolina,51015,70093,4955925,4845717,3332986,1339360,75084,141515,16,6.4,1195464,42310,188229,182899,346727,209968
2018,South Dakota,56499,73768,864289,841200,730062,16241,12660,18953,13.6,3.5,216569,8522,37249,32771,58821,32636
2018,Tennessee,50972,71458,6651089,6508955,5166231,1117489,112915,208634,16.1,5.9,1574474,60610,278448,254339,448165,225099
2018,Texas,59570,84221,27885195,27154696,20720689,3365783,1308257,2998348,15.5,5.4,7626437,238495,1244870,1200387,1903916,870296
2018,Utah,68374,87053,3045350,2955471,2632056,35862,69810,157442,10.3,3.9,972456,23666,147700,148981,194594,101385
2018,Vermont,60076,78472,624977,612899,589546,8058,10579,13289,11.2,4.1,146071,8476,29452,29292,65597,39765
2018,Virginia,71564,98000,8413774,8104561,5722660,1613285,531503,502400,10.9,5,2136022,104593,478170,480911,845944,381838
2018,Washington,70116,93847,7294336,6877541,5545997,269854,607429,536793,11.5,5.3,1741942,74748,403185,373577,638645,347854
2018,West Virginia,44921,61225,1829054,1796915,1704345,66728,14534,14627,17.8,6.7,393995,13167,55295,51837,99196,55422
2018,Wisconsin,59209,77687,5778394,5642404,4945966,368744,159356,156733,11.9,4,1425678,62942,257639,241287,443582,217982
2018,Wyoming,62268,79257,581836,566257,532008,5540,4756,12581,11.1,4.5,145568,3706,21721,20843,39281,22832
2018,Puerto Rico,20166,32190,3386941,3211475,2283720,365010,6684,null,44.5,17,833433,27705,130087,132681,237234,99326
2019,Alabama,50536,69842,4876250,4784030,3320247,1299048,66270,105311,16.7,5.9,1175774,34600,170334,172600,324869,177969
2019,Alaska,77640,98606,737068,676403,476015,24205,45920,24613,10.7,7.2,183894,4600,31411,29976,55209,25423
2019,Arizona,58945,80779,7050299,6787262,5444453,317462,233213,530908,15.1,5.9,1765901,57034,273553,269445,495960,355568
2019,Arkansas,47597,66557,2999370,2918833,2301044,459542,45504,96291,17,5.1,733114,23102,101064,97972,164437,99763
2019,California,75235,106916,39283497,37360833,23453222,2274108,5692423,5096124,13.4,6.1,10423307,406471,2177289,1920683,3156874,1725880
2019,Colorado,72331,96970,5610349,5404625,4712574,233647,178147,311492,10.3,4.3,1395735,65968,365783,337146,568467,293738
2019,Connecticut,78444,113031,3575074,3456074,2714031,383416,161257,248326,9.9,6,898354,55686,193210,188520,396023,197712
2019,Delaware,68287,90092,957248,930169,658237,212302,37009,47674,11.8,5.5,228567,8231,42390,39284,82079,50385
2019,District of Columbia,86420,127890,692683,671238,285857,320811,27592,53099,16.2,6.9,168553,16794,117079,65066,70172,36942
2019,Florida,55660,80286,20901636,20329615,15702256,3359031,571276,1908023,14,5.6,4758186,168910,826066,830309,1618608,1196718
2019,Georgia,58700,82406,10403847,10137935,6098889,3289020,414481,594599,15.1,5.7,2749494,95103,469041,480173,844978,363424
2019,Hawaii,81275,103780,1422094,1082367,354847,26025,537355,108827,9.4,4.3,325063,10986,64678,66812,117707,78269
2019,Idaho,55785,73810,1717750,1667181,1545409,11918,24287,60945,13.1,4.3,451807,11116,59841,67892,110424,69380
2019,Illinois,65886,92395,12770631,12442185,9134903,1813590,698524,885687,12.5,5.9,3228360,164576,741538,653267,1102437,512783
2019,Indiana,56303,75025,6665703,6495992,5553391,626587,151979,210480,13.4,4.8,1668419,67939,269165,252887,436936,213168
2019,Iowa,60523,78411,3139508,3072923,2826070,116359,75741,99826,11.5,3.7,797393,35516,137604,132660,211735,115832
2019,Kansas,59597,80009,2910652,2810095,2455935,170291,85794,126024,12,4.1,772562,32086,139634,131626,236818,126992
2019,Kentucky,50589,70144,4449052,4348767,3868479,358928,65191,103404,17.3,5.6,1054000,37297,163311,159768,268958,139045
2019,Louisiana,49469,71001,4664362,4569403,2892275,1502963,80806,114467,19.2,6.5,1154067,33931,180752,158473,264062,150298
2019,Maine,57918,76227,1335492,1305696,1259522,18468,15109,20835,11.8,4.1,283155,12150,55350,55879,117323,81336
2019,Maryland,84805,111417,6018848,5812156,3343003,1799094,378126,441608,9.2,5.1,1536208,76793,351079,348642,651295,311708
2019,Massachusetts,81215,111498,6850553,6627518,5348538,522357,452436,535859,10.3,4.8,1723161,128997,513770,415088,777572,382635
2019,Michigan,57144,78400,9965265,9674006,7813755,1374314,311721,326181,14.4,5.9,2451348,104320,420513,395899,760566,408192
2019,Minnesota,71306,93925,5563378,5397982,4609049,356515,268181,228066,9.7,3.6,1395300,70263,316807,292700,503226,246434
2019,Mississippi,45081,62835,2984418,2944122,1743217,1125623,29605,42569,20.3,7.5,769205,19428,88220,90845,162122,93966
2019,Missouri,55461,76060,6104910,5944542,5015904,701334,120654,133228,13.7,4.6,1480841,60191,277642,256926,445327,232667
2019,Montana,54970,74190,1050649,1018488,930204,5303,8259,10368,13.1,4,238987,8747,44341,45978,84058,57292
2019,Nebraska,61439,80208,1914571,1864185,1666871,92406,45655,84191,11.1,3.3,506713,23682,96464,90275,138921,73565
2019,Nevada,60365,81496,2972382,2825974,1949707,271005,242267,291093,13.1,6.2,699523,14260,101540,101290,183563,119298
2019,New Hampshire,76768,99165,1348124,1319843,1252128,21546,36180,36345,7.6,3.6,306551,17494,67620,64783,144425,78909
2019,New Jersey,82545,114691,8878503,8634958,6018074,1194882,840168,866701,10,5.5,2206536,129561,521946,527955,960241,430809
2019,New Mexico,49754,69077,2092454,2024190,1565366,44120,32577,116211,19.1,6.7,532619,12538,66095,65962,143256,108206
2019,New York,68486,101945,19572319,18956062,12459687,3065471,1647606,1885643,14.1,5.5,4723073,307095,1307435,1023449,1750626,904297
2019,North Carolina,54602,76940,10264876,9991600,7049919,2200761,292992,497991,14.7,5.6,2518907,101494,462562,469002,829660,421629
2019,North Dakota,64894,85476,756717,737105,655136,21985,11006,18414,10.7,2.8,184783,11083,41343,33150,49340,24924
2019,Ohio,56602,76958,11655397,11319971,9476047,1446193,258199,258221,14,5.3,2819381,111316,507248,470757,846066,431255
2019,Oklahoma,52919,72695,3932870,3628255,2844070,286356,85239,150583,15.7,5.1,1002998,29187,141166,135654,240831,143858
2019,Oregon,62818,84258,4129803,3931451,3480920,78679,180580,224600,13.2,5.5,954416,36251,206602,210599,338640,220079
2019,Pennsylvania,61744,84849,12791530,12471656,10300602,1430664,436324,412209,12.4,5.3,2950731,150336,662103,572883,1037418,541881
2019,Rhode Island,67167,89093,1057231,1022010,850597,71561,35958,62723,12.4,5.4,257417,14384,56223,46444,98035,51416
2019,South Carolina,53199,73520,5020806,4904876,3372011,1344139,78805,147485,15.2,5.8,1192839,43059,196477,189813,356474,226515
2019,South Dakota,58275,76240,870638,847801,733719,17531,12627,19843,13.1,3.4,215557,8911,38190,32950,58796,35144
2019,Tennessee,53320,74750,6709356,6561820,5205132,1124473,117600,209885,15.2,5.3,1568653,62712,291314,261727,461941,239163
2019,Texas,61874,87260,28260856,27499445,20903375,3428211,1357273,3006911,14.7,5.1,7681758,247477,1295790,1245260,1955931,923695
2019,Utah,71621,91292,3096848,3002812,2676482,36849,71977,158120,9.8,3.6,984917,24419,154816,157511,201392,106786
2019,Vermont,61973,81233,624313,611713,587883,8502,10461,13331,10.9,3.6,145649,8640,30202,29776,65276,42229
2019,Virginia,74222,101746,8454463,8134188,5717617,1621592,541133,501148,10.6,4.6,2126976,106143,485895,488245,859053,407167
2019,Washington,73775,98983,7404107,6970721,5581128,281683,631333,553179,10.8,5,1750198,76299,427736,388516,650056,371304
2019,West Virginia,46711,63680,1817305,1785170,1691600,66990,14523,14631,17.6,6.5,387707,13634,54775,52911,98502,59210
2019,Wisconsin,61747,80674,5790716,5652144,4946961,371200,161841,157612,11.3,3.6,1411273,64325,263030,249828,447369,231102
2019,Wyoming,64049,81880,581024,565503,531304,5582,5025,12076,11,4.5,144936,3929,21333,22227,38501,24794
2019,Puerto Rico,20539,32924,3318447,3142798,2188014,386676,6237,null,44.1,16.1,800195,28812,128381,131692,240769,106041
2020,Alabama,52035,71964,4893186,4773864,3302834,1301319,67909,101125,16,5.6,1168551,36328,176282,177156,332235,191371
2020,Alaska,77790,98811,736990,668158,466961,23894,47289,23787,10.3,7.2,180787,4299,30216,31537,55357,27857
2020,Arizona,61529,84380,7174064,6674467,5292498,325105,239190,518823,14.1,5.8,1760360,62697,288209,287406,510902,382181
2020,Arkansas,49475,69357,3011873,2891893,2269959,457840,46130,98118,16.1,5.2,725947,24597,104782,103690,168181,106042
2020,California,78672,111622,39346023,36224007,22053721,2250962,5834312,4930125,12.6,6.2,10331447,426968,2266953,1986845,3193968,1809107
2020,Colorado,75231,100933,5684926,5347697,4634305,235692,181733,297054,9.8,4.6,1388732,69126,378703,348097,581216,314837
2020,Connecticut,79855,115337,3570549,3397902,2649994,382161,163262,241531,9.8,6,888200,58367,196365,195268,395887,208480
2020,Delaware,69110,92308,967679,930112,652587,212795,38528,44205,11.4,5.8,225882,8138,43887,39884,83035,55237
2020,District of Columbia,90842,133587,701974,672229,288306,318631,28762,51248,15.5,7.1,168035,18140,118091,69288,72305,40291
2020,Florida,57703,83104,21216924,19939907,15199588,3381061,590668,1889101,13.3,5.4,4774888,179461,861773,864860,1669520,1263793
2020,Georgia,61224,85691,10516579,10123410,6020265,3319844,434603,582832,14.3,5.6,2743653,101486,493697,494899,873289,390777
2020,Hawaii,83173,107348,1420074,1075156,342923,26717,534519,107122,9.3,4.6,318529,10898,64850,69630,116998,83011
2020,Idaho,58915,77399,1754367,1679271,1550979,11536,24501,58823,11.9,4.2,456826,12811,63022,73876,114392,77057
2020,Illinois,68428,95115,12716164,12176612,8874067,1796660,709567,849567,12,6,3166891,169308,754461,670731,1114169,545913
2020,Indiana,58235,76984,6696893,6474302,5510354,631923,158705,212224,12.9,4.7,1654841,70223,275016,262544,446152,229082
2020,Iowa,61836,80316,3150011,3057032,2806418,117035,79296,100493,11.1,3.9,785736,37169,141732,138391,213098,123894
2020,Kansas,61091,82103,2912619,2772574,2416165,165837,87093,119639,11.4,4.1,758270,33338,139452,136417,236638,136106
2020,Kentucky,52238,72318,4461952,4337236,3848305,361230,68139,104872,16.6,5.4,1043315,39681,170054,162910,277772,148596
2020,Louisiana,50800,73759,4664616,4538963,2856904,1500633,80930,113130,18.6,6.6,1145889,36055,176581,168336,270865,164765
2020,Maine,59489,78301,1340825,1303865,1256030,18635,15270,21731,11.1,4,278782,13324,58195,57285,117734,85961
2020,Maryland,87063,114236,6037624,5766485,3275048,1803128,384429,428772,9,5.2,1520676,77886,357552,358064,656177,331385
2020,Massachusetts,84385,115964,6873003,6544759,5261787,513369,466044,531066,9.8,5.1,1702976,132551,528098,430011,782001,404032
2020,Michigan,59234,80803,9973907,9597627,7735902,1360149,316844,317437,13.7,6,2400867,109243,439084,405852,777538,432657
2020,Minnesota,73382,96814,5600166,5382715,4572149,359817,275242,213520,9.3,3.8,1392298,72740,324904,302154,511659,259858
2020,Mississippi,46511,65156,2981835,2931805,1729353,1123545,29742,40199,19.6,7.1,754722,20240,89619,92866,168057,100657
2020,Missouri,57290,78194,6124160,5909842,4978046,698043,123810,127456,13,4.5,1459812,62467,284322,264668,454432,247162
2020,Montana,56539,76834,1061705,1021000,932157,5919,8664,9900,12.8,4.2,238528,10013,46813,48990,85496,62197
2020,Nebraska,63015,82306,1923826,1847889,1641256,91896,47944,86499,10.4,3.4,505631,23712,98387,92914,140795,77219
2020,Nevada,62043,84350,3030281,2801800,1881048,282722,252314,289681,12.8,6.6,697235,15722,109145,107481,188356,128015
2020,New Hampshire,77923,101292,1355244,1315392,1246602,21045,36581,35600,7.4,3.8,301741,17865,69692,66950,144705,83338
2020,New Jersey,85245,117868,8885418,8457807,5820147,1189681,857873,859107,9.7,5.8,2192185,135486,538832,541870,978829,453531
2020,New Mexico,51243,70241,2097021,1926719,1467849,43476,33695,110163,18.6,6.6,526666,13509,70807,71470,141572,114439
2020,New York,71117,105304,19514849,18593296,12160045,3002401,1674216,1820698,13.6,5.7,4656339,316668,1334759,1057479,1767028,953526
2020,North Carolina,56642,79620,10386227,10007858,7019443,2217522,308958,494703,14,5.4,2521615,105258,485091,481568,852979,454252
2020,North Dakota,65315,85506,760394,736452,651470,23959,11979,19388,10.5,3.1,185329,11984,40725,35568,49308,27052
2020,Ohio,58116,78797,11675275,11260126,9394878,1442655,268527,255314,13.6,5.3,2771293,112850,520865,487635,849887,457152
2020,Oklahoma,53840,74195,3949342,3604505,2809793,287856,87033,148515,15.3,5.1,992436,29728,143664,138704,244941,155593
2020,Oregon,65667,88137,4176346,3918374,3449081,79117,187801,217482,12.4,5.5,948174,37829,213961,221041,342672,235370
2020,Pennsylvania,63627,87262,12794885,12361860,10155004,1419582,449320,410853,12,5.4,2908512,154833,689323,595808,1045687,575699
2020,Rhode Island,70305,92427,1057798,1005477,835608,69196,36536,64282,11.6,5.5,255231,14387,59889,49177,94950,55628
2020,South Carolina,54864,76390,5091517,4939806,3386329,1346560,83573,148856,14.7,5.5,1187922,45831,205645,197560,369555,245546
2020,South Dakota,59896,77932,879336,849316,735228,18836,12413,21724,12.8,3.5,216402,9793,39017,33993,59801,37180
2020,Tennessee,54833,76937,6772268,6573280,5196680,1128806,122897,206824,14.6,5.3,1560968,65409,304217,274045,477741,252969
2020,Texas,63826,89506,28635442,26637358,19805623,3464424,1415664,2935368,14.2,5.3,7719304,272345,1353535,1308154,2018597,981892
2020,Utah,74197,94452,3151239,3017588,2682881,38059,73190,154835,9.1,3.6,992124,24981,161253,164557,205682,116578
2020,Vermont,63477,83767,624340,607205,584360,7964,10126,12665,10.8,3.8,142422,8149,32583,31692,65843,45210
2020,Virginia,76398,106023,8509358,8103572,5643436,1620649,570398,495416,10,4.6,2110795,111937,499935,502708,867004,434843
2020,Washington,77006,103669,7512465,6980489,5523881,290245,662902,567057,10.2,4.9,1753707,80776,451242,405825,657059,393112
2020,West Virginia,48037,65332,1807426,1763666,1672255,64285,14228,14596,17.1,6.5,378326,14131,55167,55997,98802,63459
2020,Wisconsin,63293,82757,5806975,5612411,4895065,367889,163396,153679,11,3.6,1393087,66641,269169,257626,453528,246224
2020,Wyoming,65304,83583,581348,558630,525246,5079,4892,11739,10.8,4.4,145076,4334,21190,23173,39264,27072
2020,Puerto Rico,21058,33315,3255642,2940261,1952451,367906,5882,null,43.4,15.1,761464,29781,131584,130737,244310,115169